sample_id,text,title,content,text_length,label,label_id,source_category,source_keyword,keyword_in_scrape_plan,source_post_id,like_count,source_file
81ecc37ac5051d3e,"如何安稳度过二十几岁焦虑的“Odyssey时期”?

又是一期很长的talking环节 (终于想起来还有这个栏目了) 我觉得我这次讲的真的很好!! 自己当下课代表总结一下 1-接受流动Fluidity和漂泊是我们现代人的必然生活境遇 2-明确价值而非终极目标,把锚点从结果转向过程 3-建立可支撑的小环境或者支线任务 4-实验和联系自我探索 奥德赛这个词来源于《荷马史诗》里描写的英雄奥德赛,他在战后返乡时意外在海上漂泊了十年才回到家乡。因此社会学家用奥德赛时期比喻现代人漂泊不定的生活阶段。 年轻人,狠狠漂泊动荡一下吧。 橘一橙 橘一橙NiceFriend pov vlog 我的人生态度belike 人生可能性 女性成长 自我探索 三十岁 书单分享",如何安稳度过二十几岁焦虑的“Odyssey时期”?,"又是一期很长的talking环节 (终于想起来还有这个栏目了) 我觉得我这次讲的真的很好!! 自己当下课代表总结一下 1-接受流动Fluidity和漂泊是我们现代人的必然生活境遇 2-明确价值而非终极目标,把锚点从结果转向过程 3-建立可支撑的小环境或者支线任务 4-实验和联系自我探索 奥德赛这个词来源于《荷马史诗》里描写的英雄奥德赛,他在战后返乡时意外在海上漂泊了十年才回到家乡。因此社会学家用奥德赛时期比喻现代人漂泊不定的生活阶段。 年轻人,狠狠漂泊动荡一下吧。 橘一橙 橘一橙NiceFriend pov vlog 我的人生态度belike 人生可能性 女性成长 自我探索 三十岁 书单分享",326,情感故事,0,情感故事,成长感悟,0,62,162561,raw_real_texts3.csv
9c08d8b80040a350,"自存一些极其充满正能量的文案(≧∇≦)/

充满希望的文案 自由洒脱文案 积极向上热爱生活的文案 短句文案 积极乐观的温柔文案 有力量的文字 正能量文案 文案素材分享 乐观豁达的文案 有力量带着光的句子",自存一些极其充满正能量的文案(≧∇≦)/,充满希望的文案 自由洒脱文案 积极向上热爱生活的文案 短句文案 积极乐观的温柔文案 有力量的文字 正能量文案 文案素材分享 乐观豁达的文案 有力量带着光的句子,101,情感故事,0,情感故事,治愈文案,0,57,39701,raw_real_texts3.csv
0694b3408b84aee3,想要淡淡幸福感文案 二编:不要抽象!!!!!!! 在看到会删的!别发shiniaopi了。。。谢谢各位再看到的话可以向我举报我去删。。 表达积极热爱生活的文案 感知幸福的能力 日常碎片的简短文案 幸福感 幸福感文案 血魚契約 文案 梦女文案 感受到了文字的力量,想要淡淡幸福感文案,想要淡淡幸福感文案 二编:不要抽象!!!!!!! 在看到会删的!别发shiniaopi了。。。谢谢各位再看到的话可以向我举报我去删。。 表达积极热爱生活的文案 感知幸福的能力 日常碎片的简短文案 幸福感 幸福感文案 血魚契約 文案 梦女文案 感受到了文字的力量,130,情感故事,0,情感故事,治愈文案,0,41,37805,raw_real_texts3.csv
6c3c2311e102222f,"生命力 文艺感 文案

我们还年轻 长长的人生可以受一点风浪 充满希望的文案[话题] 文案素材分享[话题] 文艺句子[话题] 小众文案[话题] 治愈文案[话题] 三毛[话题] 随笔[话题] 文案[话题] 无风格小众文案[话题] 今日文案[话题]",生命力 文艺感 文案,我们还年轻 长长的人生可以受一点风浪 充满希望的文案[话题] 文案素材分享[话题] 文艺句子[话题] 小众文案[话题] 治愈文案[话题] 三毛[话题] 随笔[话题] 文案[话题] 无风格小众文案[话题] 今日文案[话题],122,情感故事,0,情感故事,治愈文案,0,17,30014,raw_real_texts2.csv
281f7b025bf716a2,"莫辜负茶 汤 好天气

/ 你花了整个童年学习如何蜷缩起来不碍事,如今需要花时间重新伸展四肢,去感受自己在天地间本应有的位置。世界不再是你记忆中的模样,而你也不再需要为存在本身道歉。 人生忽如寄,莫辜负茶、汤、好天气。 谨慎地拥有,珍惜地使用,勇敢地放弃。 在我有生之日,做一个真诚的人。不放弃对生活的热爱和执着,在有限的时空里过着无限广大的日子。 手写 摘抄 文字 文案 排版小动物 治愈拼贴 波点控 古早味 我被文字打动 4605_",莫辜负茶 汤 好天气,"/ 你花了整个童年学习如何蜷缩起来不碍事,如今需要花时间重新伸展四肢,去感受自己在天地间本应有的位置。世界不再是你记忆中的模样,而你也不再需要为存在本身道歉。 人生忽如寄,莫辜负茶、汤、好天气。 谨慎地拥有,珍惜地使用,勇敢地放弃。 在我有生之日,做一个真诚的人。不放弃对生活的热爱和执着,在有限的时空里过着无限广大的日子。 手写 摘抄 文字 文案 排版小动物 治愈拼贴 波点控 古早味 我被文字打动 4605_",218,情感故事,0,情感故事,治愈文案,0,37,29664,raw_real_texts.csv
25a90a9af41398e1,"对太有感染力的文字保持警惕

我总觉得有些网上广为流传的经验 并不可靠,也许是写的太有感染力,大家总是愿意相信。 比如: 少年心气是不可再生之物。 人的一生只有一个夏天,其他都是在比较。 人不能同时处在青春和抱有对青春的感受。 等等 其实这都是心理暗示。相信的人,我认为ta们也真的会潜移默化的遵循于此。 可是, 可是我觉得就算人到中年,你想的话,依然可以再生少年心气。我觉得干嘛要执着那一个夏天呢?你想的话,你还可以拥有别样的同样或者更加精彩的夏天,可你不愿有这样的想象,若你偏要耽溺于一种自怜的惯性里,固执地宣布“最好的已然逝去”——那又能有什么办法?忧伤比改变和执行做功少,沉浸是一种低功耗模式,只需要叹气流泪羡慕诉苦。叹气流泪、深夜发一条“少年心气不可再生”的文字、与人诉苦 一起感叹——这些动作的能量消耗极低。你只需要躺在沙发上,任由情绪漫灌,就能完成一次“有深度的自我表达”。 可事实上,控制你的大脑,你可以有所选择。 至于我——至少此刻的我——正身处于青春的腹地。我分明能感知到它正在流逝,那份怅然与灼热,恰恰正是我对青春的在场感受。 我不认可那种结论,因为我能同时握住两端。 也许,承认这样的事是一种省力的方式就能提现自己是一个有故事的人。可我仍觉得这是一种 被认为看似深沉成熟 的潮流陷阱。 更是一个剑指自己的心理暗示。 一点点思考[话题] 随笔[话题] 日记[话题] infp[话题]",对太有感染力的文字保持警惕,"我总觉得有些网上广为流传的经验 并不可靠,也许是写的太有感染力,大家总是愿意相信。 比如: 少年心气是不可再生之物。 人的一生只有一个夏天,其他都是在比较。 人不能同时处在青春和抱有对青春的感受。 等等 其实这都是心理暗示。相信的人,我认为ta们也真的会潜移默化的遵循于此。 可是, 可是我觉得就算人到中年,你想的话,依然可以再生少年心气。我觉得干嘛要执着那一个夏天呢?你想的话,你还可以拥有别样的同样或者更加精彩的夏天,可你不愿有这样的想象,若你偏要耽溺于一种自怜的惯性里,固执地宣布“最好的已然逝去”——那又能有什么办法?忧伤比改变和执行做功少,沉浸是一种低功耗模式,只需要叹气流泪羡慕诉苦。叹气流泪、深夜发一条“少年心气不可再生”的文字、与人诉苦 一起感叹——这些动作的能量消耗极低。你只需要躺在沙发上,任由情绪漫灌,就能完成一次“有深度的自我表达”。 可事实上,控制你的大脑,你可以有所选择。 至于我——至少此刻的我——正身处于青春的腹地。我分明能感知到它正在流逝,那份怅然与灼热,恰恰正是我对青春的在场感受。 我不认可那种结论,因为我能同时握住两端。 也许,承认这样的事是一种省力的方式就能提现自己是一个有故事的人。可我仍觉得这是一种 被认为看似深沉成熟 的潮流陷阱。 更是一个剑指自己的心理暗示。 一点点思考[话题] 随笔[话题] 日记[话题] infp[话题]",602,情感故事,0,情感故事,青春随笔,0,1,29302,raw_real_texts2.csv
da556dfabe1f9f98,"生命力 文艺感 文案

我们还年轻 长长的人生可以受一点风浪 充满希望的文案 文案素材分享 文艺句子 小众文案 治愈文案 三毛 随笔 文案 无风格小众文案 今日文案",生命力 文艺感 文案,我们还年轻 长长的人生可以受一点风浪 充满希望的文案 文案素材分享 文艺句子 小众文案 治愈文案 三毛 随笔 文案 无风格小众文案 今日文案,82,情感故事,0,情感故事,治愈文案,0,47,28089,raw_real_texts3.csv
94b9b1dfa1db487c,"原作者: 多年前的夏天,在大树下第一次听见蝉鸣时喜悦的时刻,已然是上个世纪的回望了。更大的世界会稀释痛苦,也会稀释爱。 阅读 女性成长 分享 明亮的夜晚 知识 生命的意义在于感受 那份具象的爱 慢慢理解世界 这个世界会好的 爱我缓慢向上的勇气","更大的世界会稀释痛苦,也会稀释爱。","原作者: 多年前的夏天,在大树下第一次听见蝉鸣时喜悦的时刻,已然是上个世纪的回望了。更大的世界会稀释痛苦,也会稀释爱。 阅读 女性成长 分享 明亮的夜晚 知识 生命的意义在于感受 那份具象的爱 慢慢理解世界 这个世界会好的 爱我缓慢向上的勇气",121,情感故事,0,情感故事,治愈文案,0,35,24498,raw_real_texts.csv
dc0b742160a0a777,"十三岁,我拥有一颗感伤的心脏,为命运多舛而叹气 命运,某天我也想将你轻描淡写。存放在日记本里,像一滴泪缓缓划过脸颊。可是,你偏偏在痛苦而孤独的周折里,与我纠缠不清,从纸页的文字里洇开,化作连绵的雨季,打湿了为幸福封存的留白。于是,痛苦拥抱了我,成为十三岁的底色 痛苦的气息越来越清晰,幸福的脚步便越来越急促 漫长的十三岁里,为什么幸福总是短暂?随着成长一并而来的是沉重心事,填满了生命的纹理,透支了鲜活的期待。藏不住的心事生长为一棵树,停驻在我的心脏,扎得很深很深。在泪水的雨季里,树杈延向了小小的天,遮得密不透风。我开始感受不到世界的喧嚣,只剩下安静的痛苦 我的十三岁和雨有一个共同点,青涩而仓促 我试图用敏感的心感知这个世界,代替迟顿的感官。然而然而,世界对我太清晰。清晰到难以承受幸福的分量,只剩下丰盈的痛苦,慢慢涌入心脏的那片干涸地,充沛成一片苦涩的海 我的痛,我的泪,我的伤被欲言又止,如鲠在喉。十三岁的我沉默着接下一切,只为幸福降临时稳稳落地,长久拥有 于是,我不再哭泣,幸福像雨下个不停 命运 随笔 原创随笔 上热门 寄秋戏雾 图源于 最近可能会多次重发","命运,某天我也想将你轻描淡写","十三岁,我拥有一颗感伤的心脏,为命运多舛而叹气 命运,某天我也想将你轻描淡写。存放在日记本里,像一滴泪缓缓划过脸颊。可是,你偏偏在痛苦而孤独的周折里,与我纠缠不清,从纸页的文字里洇开,化作连绵的雨季,打湿了为幸福封存的留白。于是,痛苦拥抱了我,成为十三岁的底色 痛苦的气息越来越清晰,幸福的脚步便越来越急促 漫长的十三岁里,为什么幸福总是短暂?随着成长一并而来的是沉重心事,填满了生命的纹理,透支了鲜活的期待。藏不住的心事生长为一棵树,停驻在我的心脏,扎得很深很深。在泪水的雨季里,树杈延向了小小的天,遮得密不透风。我开始感受不到世界的喧嚣,只剩下安静的痛苦 我的十三岁和雨有一个共同点,青涩而仓促 我试图用敏感的心感知这个世界,代替迟顿的感官。然而然而,世界对我太清晰。清晰到难以承受幸福的分量,只剩下丰盈的痛苦,慢慢涌入心脏的那片干涸地,充沛成一片苦涩的海 我的痛,我的泪,我的伤被欲言又止,如鲠在喉。十三岁的我沉默着接下一切,只为幸福降临时稳稳落地,长久拥有 于是,我不再哭泣,幸福像雨下个不停 命运 随笔 原创随笔 上热门 寄秋戏雾 图源于 最近可能会多次重发",484,情感故事,0,情感故事,青春随笔,0,6,22962,raw_real_texts.csv
91d6ad852f73c1f9,"“我的青春太过于安静,以至于......”

少年时期待的故事,似乎一个都没发生。没有清秀的女生在校门口冲我微笑,没有电影里炽热的表白场景,没有激情洋溢的校园时光,也没有恣意而为的潇洒。我的青春没有大事,只有些微末的点滴,像凌晨四点黄昏般静谧的梦。 那时的生活,总让人觉得经不起描述——每一天都平平无奇,倒是静默的日子,对我格外关照。 一个人吃饭时,看后窗的木槿从春开到秋静;傍晚把书本摊在老旧的桌子上,偶尔抬头,眼神撞上窗外绵延的树影。风吹过枝叶,有种说不出来的安宁。记得夏天的某个傍晚,夕阳斜斜地落在我的书本上,投下半透明的光影。 青春的静就是这样,带着一点浪漫的荒凉。没有烈火般的恋爱,也没有话剧般的冲突成长,但这一份安静却有自己的重量。 我以为,安静的青春就是无趣的象征。 后来才明白,安静,并不是它的缺点,反而是岁月的一种馈赠。没有大起大落,没有浓烈的情感冲撞,但它也有细微的美好。那些黄昏时刻,那些孤独的街道,那些看似无声无息的日常,它们为青春描绘了一道温柔的底色。 原来我们就是青春[话题] 成长[话题] 治愈[话题] 随笔[话题] 青春是一本仓促的书[话题] 那是我们再也回不去的青春[话题] 我的青春[话题] 校园[话题] 致青春[话题] 暗恋[话题]","“我的青春太过于安静,以至于......”","少年时期待的故事,似乎一个都没发生。没有清秀的女生在校门口冲我微笑,没有电影里炽热的表白场景,没有激情洋溢的校园时光,也没有恣意而为的潇洒。我的青春没有大事,只有些微末的点滴,像凌晨四点黄昏般静谧的梦。 那时的生活,总让人觉得经不起描述——每一天都平平无奇,倒是静默的日子,对我格外关照。 一个人吃饭时,看后窗的木槿从春开到秋静;傍晚把书本摊在老旧的桌子上,偶尔抬头,眼神撞上窗外绵延的树影。风吹过枝叶,有种说不出来的安宁。记得夏天的某个傍晚,夕阳斜斜地落在我的书本上,投下半透明的光影。 青春的静就是这样,带着一点浪漫的荒凉。没有烈火般的恋爱,也没有话剧般的冲突成长,但这一份安静却有自己的重量。 我以为,安静的青春就是无趣的象征。 后来才明白,安静,并不是它的缺点,反而是岁月的一种馈赠。没有大起大落,没有浓烈的情感冲撞,但它也有细微的美好。那些黄昏时刻,那些孤独的街道,那些看似无声无息的日常,它们为青春描绘了一道温柔的底色。 原来我们就是青春[话题] 成长[话题] 治愈[话题] 随笔[话题] 青春是一本仓促的书[话题] 那是我们再也回不去的青春[话题] 我的青春[话题] 校园[话题] 致青春[话题] 暗恋[话题]",535,情感故事,0,情感故事,青春随笔,0,3,22152,raw_real_texts2.csv
a30522f690f971a1,"“我的青春是朴素的”

云序言 淼嘉恋专属话题 随笔 青春是一本仓促的书 这就是青春 那是我再也回不去的青春 青春是那么美好 我的青春落幕了 青春是一场盛夏 我的青春回头看了我一眼",“我的青春是朴素的”,云序言 淼嘉恋专属话题 随笔 青春是一本仓促的书 这就是青春 那是我再也回不去的青春 青春是那么美好 我的青春落幕了 青春是一场盛夏 我的青春回头看了我一眼,90,情感故事,0,情感故事,青春随笔,0,26,21811,raw_real_texts.csv
35549401a6a50388,"摘抄|我想,人生是可以慢半拍,再慢半拍的。

01 我想,人生是可以慢半拍, 再慢半拍的。 生命的钟表不能一味的往前拨, 要习惯自己是生活的迟到者。 当生命的时钟有张有驰、 疾徐有致地行走地时候, 我们地日子才会随着日升日落, 发出流水一样清脆地足音。 /迟子建 02 虽然辛苦, 我还是会选择那种滚烫地人生。 /北野武 03 只有我才会帮助自己 越过一山又一山, 克服一次又一次难关。 /亦舒《我的前半生》 04 我的路,不管什么时候 都是崭新的路, 今天是,明天还是。 /尹东柱《新路》 05 去成为你本应该成为的人, 任何时候都不会太晚。 /乔治·艾略特 06 我们可以把时间浪费在自己喜欢的事情上, 但不可以困在自己讨厌的生活方式里。 /福斯特·莱士《生命中最简单又最困难的事》 07 明天和生命尽头,常常清晰可见, 时间折蝶,春光晃眼 /冯唐《见一面吧》 生活美学 摘抄 人生的意义 句子","摘抄|我想,人生是可以慢半拍,再慢半拍的。","01 我想,人生是可以慢半拍, 再慢半拍的。 生命的钟表不能一味的往前拨, 要习惯自己是生活的迟到者。 当生命的时钟有张有驰、 疾徐有致地行走地时候, 我们地日子才会随着日升日落, 发出流水一样清脆地足音。 /迟子建 02 虽然辛苦, 我还是会选择那种滚烫地人生。 /北野武 03 只有我才会帮助自己 越过一山又一山, 克服一次又一次难关。 /亦舒《我的前半生》 04 我的路,不管什么时候 都是崭新的路, 今天是,明天还是。 /尹东柱《新路》 05 去成为你本应该成为的人, 任何时候都不会太晚。 /乔治·艾略特 06 我们可以把时间浪费在自己喜欢的事情上, 但不可以困在自己讨厌的生活方式里。 /福斯特·莱士《生命中最简单又最困难的事》 07 明天和生命尽头,常常清晰可见, 时间折蝶,春光晃眼 /冯唐《见一面吧》 生活美学 摘抄 人生的意义 句子",399,情感故事,0,情感故事,治愈文案,0,60,20941,raw_real_texts3.csv
1a79a92bbddebeb8,"李娟真的太会写了,这段看得我泪流满面

我不得安宁。 无论生活在多么偏远僻静的地方, 我的心都不得安宁。 我最嘈杂,最贪婪。 我与眼下这世界格格不入。 眼下世界里,青草顶天而生, 爬虫昼追日,夜逐月。 风是透明的河流,雨是冰凉的流星。 只有我最简陋,最局促。 我酝酿出一份巨大的悲哀, 却流不出几行眼泪。 我全面坦露自己的软弱, 捶胸顿足,小丑般无理取闹。 可万物充耳不闻。 我无数遍讲诉自己的孤独, 又讲诉千万人的万种孤独。 越讲越尴尬,独自站在地球上,无法收场。 ——李娟《遥远的向日葵地》 读书 情感 孤独 美文 文学 书籍 李娟 治愈书单 好句摘抄分享 遥远的向日葵地 我被文字感动了 文学的力量 infj 治愈系散文","李娟真的太会写了,这段看得我泪流满面","我不得安宁。 无论生活在多么偏远僻静的地方, 我的心都不得安宁。 我最嘈杂,最贪婪。 我与眼下这世界格格不入。 眼下世界里,青草顶天而生, 爬虫昼追日,夜逐月。 风是透明的河流,雨是冰凉的流星。 只有我最简陋,最局促。 我酝酿出一份巨大的悲哀, 却流不出几行眼泪。 我全面坦露自己的软弱, 捶胸顿足,小丑般无理取闹。 可万物充耳不闻。 我无数遍讲诉自己的孤独, 又讲诉千万人的万种孤独。 越讲越尴尬,独自站在地球上,无法收场。 ——李娟《遥远的向日葵地》 读书 情感 孤独 美文 文学 书籍 李娟 治愈书单 好句摘抄分享 遥远的向日葵地 我被文字感动了 文学的力量 infj 治愈系散文",313,情感故事,0,情感故事,治愈文案,0,39,20905,raw_real_texts.csv
98345ad74c6fadd1,"被文字治愈的瞬间3️⃣5️⃣

记录吧就现在 幸福是一只难以捕捉的蝴蝶,但如果你安静的坐在那里,也许它会落在你的手上૮ ̇Ⱉ ̇ ა 谢谢你能包容我口是心非的性格和时好时坏的脾气づ ど 你说同频的人像礼物,我说爱你的人可以调频(ღ ‿ ღ) 我一定要成为全世界最爱我的人 ́•ع•` 被你改变的那部分,我代替你和我站在一起•͈ 3 •͈ 你和我玩,算你有品,谢谢你੭ ᐕ)੭ 文字的力量 很治愈我的话 手写信 电子手帐 便利贴纸 可爱风 小众文案 文字背景图",被文字治愈的瞬间3️⃣5️⃣,"记录吧就现在 幸福是一只难以捕捉的蝴蝶,但如果你安静的坐在那里,也许它会落在你的手上૮ ̇Ⱉ ̇ ა 谢谢你能包容我口是心非的性格和时好时坏的脾气づ ど 你说同频的人像礼物,我说爱你的人可以调频(ღ ‿ ღ) 我一定要成为全世界最爱我的人 ́•ع•` 被你改变的那部分,我代替你和我站在一起•͈ 3 •͈ 你和我玩,算你有品,谢谢你੭ ᐕ)੭ 文字的力量 很治愈我的话 手写信 电子手帐 便利贴纸 可爱风 小众文案 文字背景图",229,情感故事,0,情感故事,治愈文案,0,51,19994,raw_real_texts3.csv
63d549bdbd227b3b,"她是我十七岁左胸口的一拓淤青。

写一点青橘味的、爱与伤痛辨不分明的高中时代,两个女孩子的故事。 - “如果你看我的电影/听我爱的CD/如果你能带我一起旅行。” “如果你会开始相信/这般恋爱心情/如果你能给我如果的事。” ——范玮琪/张韶涵《如果的事》 - 看向她的时候发现她也正看向我,眼睛黑白分明,专注得仿佛整个世界里只有我的身影。对视了几秒后,我们不由自主地笑起来。于是我的心动和无措被很好地掩饰,在很久很久之后我想起它们,它们才会被这样定义。而她是我十七岁左胸口上的一拓淤青,只有我走出了那些季节,才会意识到自己止步不前的种种,承认自己不够坦诚的内心,以及离开她后我后知后觉的疼痛——但我也同时知道,是她让我见到了与过去全然不同的四季,让我开始相信,旷远的岁月里永远存在一个名为爱的支点。 最后的最后,手机屏幕亮起,弹出的是她的回复。 她说。好,那就冬天见。 短篇 文章 原创 原创随笔 小说 我会被文字打动 碎碎念 青春 INFJ",她是我十七岁左胸口的一拓淤青。,"写一点青橘味的、爱与伤痛辨不分明的高中时代,两个女孩子的故事。 - “如果你看我的电影/听我爱的CD/如果你能带我一起旅行。” “如果你会开始相信/这般恋爱心情/如果你能给我如果的事。” ——范玮琪/张韶涵《如果的事》 - 看向她的时候发现她也正看向我,眼睛黑白分明,专注得仿佛整个世界里只有我的身影。对视了几秒后,我们不由自主地笑起来。于是我的心动和无措被很好地掩饰,在很久很久之后我想起它们,它们才会被这样定义。而她是我十七岁左胸口上的一拓淤青,只有我走出了那些季节,才会意识到自己止步不前的种种,承认自己不够坦诚的内心,以及离开她后我后知后觉的疼痛——但我也同时知道,是她让我见到了与过去全然不同的四季,让我开始相信,旷远的岁月里永远存在一个名为爱的支点。 最后的最后,手机屏幕亮起,弹出的是她的回复。 她说。好,那就冬天见。 短篇 文章 原创 原创随笔 小说 我会被文字打动 碎碎念 青春 INFJ",420,情感故事,0,情感故事,青春随笔,0,2,19766,raw_real_texts.csv
450d571ed60da36e,"分享丨每一句都独一无二丨INFP的荒芜诗

- 写给INFP的五封信,期待被听到回音 晚安,自用随意→ - 听闻将叹息折成蝴蝶时, 风会把它送往有回音的山谷。 - 和蒲公英密谋一场叛逃,目的地:乌托邦银河渡口。 - 我的灵魂是只褪色的月亮纸船,但你眼里有让它航行的海。 - 爱是我伤口上,你坚持播种的玫瑰园。 - 最暴烈的温柔,是让每个雪夜倒退着降落—— 回到云,回到铅灰色的神明的咳嗽。 - 人人都是浪漫诗人[话题] 文艺句子[话题] 作家笔下的浪漫[话题] 浪漫文字的记录者[话题] 治愈系诗歌[话题] 句子控[话题] 人生流淌在诗歌里[话题] WeChat文案[话题] 个性签名[话题] 短句[话题]",分享丨每一句都独一无二丨INFP的荒芜诗,"- 写给INFP的五封信,期待被听到回音 晚安,自用随意→ - 听闻将叹息折成蝴蝶时, 风会把它送往有回音的山谷。 - 和蒲公英密谋一场叛逃,目的地:乌托邦银河渡口。 - 我的灵魂是只褪色的月亮纸船,但你眼里有让它航行的海。 - 爱是我伤口上,你坚持播种的玫瑰园。 - 最暴烈的温柔,是让每个雪夜倒退着降落—— 回到云,回到铅灰色的神明的咳嗽。 - 人人都是浪漫诗人[话题] 文艺句子[话题] 作家笔下的浪漫[话题] 浪漫文字的记录者[话题] 治愈系诗歌[话题] 句子控[话题] 人生流淌在诗歌里[话题] WeChat文案[话题] 个性签名[话题] 短句[话题]",303,情感故事,0,情感故事,治愈文案,0,15,18517,raw_real_texts2.csv
a20a14015e4efa27,"“人生是可以慢半拍,再慢半拍的。”

我想,人生是可以慢半拍,再慢半拍的。生命的钟表,不能一味地往前拨,要习惯自己是生活的迟到者。当生命的时钟有张有弛、疾徐有致地行走的时候,我们的日子,才会随着日升月落,发出流水一样清脆的足音。 ——迟子建《也是冬天也是春天》 好句摘抄分享 手写 文字 我会被文字打动 文案 治愈 人生感悟 每日练字打卡 情感 小红书小美说","“人生是可以慢半拍,再慢半拍的。”","我想,人生是可以慢半拍,再慢半拍的。生命的钟表,不能一味地往前拨,要习惯自己是生活的迟到者。当生命的时钟有张有弛、疾徐有致地行走的时候,我们的日子,才会随着日升月落,发出流水一样清脆的足音。 ——迟子建《也是冬天也是春天》 好句摘抄分享 手写 文字 我会被文字打动 文案 治愈 人生感悟 每日练字打卡 情感 小红书小美说",179,情感故事,0,情感故事,治愈文案,0,48,18320,raw_real_texts3.csv
9b20f9703a474184,"不是不害怕,才叫勇敢,而是你在紧张、焦虑、心里打鼓的时候,依然决定再试一次,哪怕脚下发软、心里发慌,也愿意往前多迈一步。 我们常常以为只有无所畏惧的人才配谈勇敢,可其实,大多数真正的勇敢,恰恰是发生在最害怕的时候。 那是一种明知不可控、明知可能失败,仍然选择不退缩的坚持。你可以边害怕、边流泪、边出错,也可以边修复、边学习、边成长。 情绪从不会在你准备好的那天突然消失,但你可以在害怕中继续走,边走边学,边学边练,直到有一天,你发现自己已经站在原来不敢靠近的地方了。 所以,不要等到“完全不怕”才开始行动,因为那一天可能永远不会到。你只需要告诉自己:“虽然我还不够自信,但我不打算就此放弃。” 每一次带着恐惧迈出的脚步,都是在为未来的自己打地基。真正的勇敢,不是无坚不摧,而是在慌乱里依旧愿意前行。 你可以一边害怕,一边勇敢,然后,一点点变得坚定、笃定、有力量。那些你以为迈不过去的坎,也会在某天回头看时,成为你最值得骄傲的高地。 停止自我怀疑 自我激励 自我成长 自我肯定的力量 不要害怕开始 自我认知 停止自我批判 力量与勇气 不害怕失败 积极心理学","你可以一边害怕,一边勇敢","不是不害怕,才叫勇敢,而是你在紧张、焦虑、心里打鼓的时候,依然决定再试一次,哪怕脚下发软、心里发慌,也愿意往前多迈一步。 我们常常以为只有无所畏惧的人才配谈勇敢,可其实,大多数真正的勇敢,恰恰是发生在最害怕的时候。 那是一种明知不可控、明知可能失败,仍然选择不退缩的坚持。你可以边害怕、边流泪、边出错,也可以边修复、边学习、边成长。 情绪从不会在你准备好的那天突然消失,但你可以在害怕中继续走,边走边学,边学边练,直到有一天,你发现自己已经站在原来不敢靠近的地方了。 所以,不要等到“完全不怕”才开始行动,因为那一天可能永远不会到。你只需要告诉自己:“虽然我还不够自信,但我不打算就此放弃。” 每一次带着恐惧迈出的脚步,都是在为未来的自己打地基。真正的勇敢,不是无坚不摧,而是在慌乱里依旧愿意前行。 你可以一边害怕,一边勇敢,然后,一点点变得坚定、笃定、有力量。那些你以为迈不过去的坎,也会在某天回头看时,成为你最值得骄傲的高地。 停止自我怀疑 自我激励 自我成长 自我肯定的力量 不要害怕开始 自我认知 停止自我批判 力量与勇气 不害怕失败 积极心理学",477,情感故事,0,情感故事,成长感悟,0,64,17684,raw_real_texts3.csv
df3bacc209fbf57c,"“如果我们的因果注定折散于十七岁长夜”

我或许就不会轻易提及离别。 原创[话题] 随笔[话题] 情感[话题] 文案[话题] 文字的力量[话题] 暗恋[话题] 遗憾[话题] 青春[话题] infj[话题] infp[话题]",“如果我们的因果注定折散于十七岁长夜”,我或许就不会轻易提及离别。 原创[话题] 随笔[话题] 情感[话题] 文案[话题] 文字的力量[话题] 暗恋[话题] 遗憾[话题] 青春[话题] infj[话题] infp[话题],111,情感故事,0,情感故事,青春随笔,0,2,16227,raw_real_texts2.csv
59e9741f83c9e571,"“如果我们的因果注定折散于十七岁长夜”

我或许就不会轻易提及离别。 原创 随笔 情感 文案 文字的力量 暗恋 遗憾 青春 infj infp",“如果我们的因果注定折散于十七岁长夜”,我或许就不会轻易提及离别。 原创 随笔 情感 文案 文字的力量 暗恋 遗憾 青春 infj infp,71,情感故事,0,情感故事,青春随笔,0,29,16068,raw_real_texts.csv
d16d53ca362b788f,"“我们都被困在了十七岁的走廊里”

那时候,总觉得生活太难,可现在想来,被安排、被催促、被明确“该做什么、不该做什么”的时候,竟然是一种奢望的幸福。 他们说高考之后,一切都会好起来。可入了大学后,当不同口音在宿舍碰撞,当五湖四海的生活习惯大相径庭,我才发现,高中时的秩序感,早已是一种不可复刻的温柔。 大学或者工作后,没有人关心你坐在了哪里,没有人检查你听懂了哪一部分的课,没有人耳提面命告诉你“期末考这些重点”,更没有人追着你喊“功课写完了就该睡觉”。 一切都断开了,就像你和父母见面的频率从“每天”变 成了“按月”,和朋友们的久别从周末,变成了一年。 我们变成了大人。 大到再也找不到那种无需试探就能并肩的默契。我们梦里的操场,能重现的,只是高中,无解的数学题,白杨树的绿浪,还有那些操场上无数次顺时针绕行的步伐。 那一刻我明白了,我们无法同时拥有青春,以及对它的感受。 原来我们就是青春 成长 治愈 回到十七岁 原创随笔 情感 校园 那是我再也回不去的青春 我无比庆幸此刻年少 年少时的我们 小红书游学团 生活荣誉博士 生活走读生 约稿",“我们都被困在了十七岁的走廊里”,"那时候,总觉得生活太难,可现在想来,被安排、被催促、被明确“该做什么、不该做什么”的时候,竟然是一种奢望的幸福。 他们说高考之后,一切都会好起来。可入了大学后,当不同口音在宿舍碰撞,当五湖四海的生活习惯大相径庭,我才发现,高中时的秩序感,早已是一种不可复刻的温柔。 大学或者工作后,没有人关心你坐在了哪里,没有人检查你听懂了哪一部分的课,没有人耳提面命告诉你“期末考这些重点”,更没有人追着你喊“功课写完了就该睡觉”。 一切都断开了,就像你和父母见面的频率从“每天”变 成了“按月”,和朋友们的久别从周末,变成了一年。 我们变成了大人。 大到再也找不到那种无需试探就能并肩的默契。我们梦里的操场,能重现的,只是高中,无解的数学题,白杨树的绿浪,还有那些操场上无数次顺时针绕行的步伐。 那一刻我明白了,我们无法同时拥有青春,以及对它的感受。 原来我们就是青春 成长 治愈 回到十七岁 原创随笔 情感 校园 那是我再也回不去的青春 我无比庆幸此刻年少 年少时的我们 小红书游学团 生活荣誉博士 生活走读生 约稿",471,情感故事,0,情感故事,青春随笔,0,17,15312,raw_real_texts.csv
fa889c3028ad437d,"“泪水其实很伟大”

文字 随笔 原创 备忘录文字 年少时,你视泪为卑怯的标签。每一滴清泪沿着咽喉往下沉,坠进胸腔,坠进心脉,一滴,两滴,千千万万滴——它们在那里汇聚成一片不见天日的暗湖。那片湖没有名字,没有声音,甚至没有来处,它们只是沉默地存在着,日日夜夜替你承受着无法言语的重量。 直到沉睡的泪水苏醒。你开始毫无征兆地哭。听歌时猝不及防的共鸣,看故事时感同身受的悲戚,与人交心时猝然涌上的酸涩,都成了泪水倾泻的契机。哭过之后,身体会变得很轻。那些堵在心口的、咽在喉咙里的、说不清道不明的郁结,被泪水一点一点化开,顺着脸颊滑落,落地蒸发。 世人总说哭泣无用,可泪水的伟大,不在于改变世事,而在于接纳所有不堪,拥抱残缺的自己。让你终于不必再伪装坚强,不必再为哭泣感到羞耻。每一次落泪,都是在把那些年流进心里的泪水,一滴一滴地悉数归还。 所以我想,我会一直哭。 直到泪水裹挟所有苦楚奔流,心底再无阴霾。 直到泪水流过的地方,生出柔软的脉络,赋予我新的勇气。",“泪水其实很伟大”,"文字 随笔 原创 备忘录文字 年少时,你视泪为卑怯的标签。每一滴清泪沿着咽喉往下沉,坠进胸腔,坠进心脉,一滴,两滴,千千万万滴——它们在那里汇聚成一片不见天日的暗湖。那片湖没有名字,没有声音,甚至没有来处,它们只是沉默地存在着,日日夜夜替你承受着无法言语的重量。 直到沉睡的泪水苏醒。你开始毫无征兆地哭。听歌时猝不及防的共鸣,看故事时感同身受的悲戚,与人交心时猝然涌上的酸涩,都成了泪水倾泻的契机。哭过之后,身体会变得很轻。那些堵在心口的、咽在喉咙里的、说不清道不明的郁结,被泪水一点一点化开,顺着脸颊滑落,落地蒸发。 世人总说哭泣无用,可泪水的伟大,不在于改变世事,而在于接纳所有不堪,拥抱残缺的自己。让你终于不必再伪装坚强,不必再为哭泣感到羞耻。每一次落泪,都是在把那些年流进心里的泪水,一滴一滴地悉数归还。 所以我想,我会一直哭。 直到泪水裹挟所有苦楚奔流,心底再无阴霾。 直到泪水流过的地方,生出柔软的脉络,赋予我新的勇气。",427,情感故事,0,情感故事,青春随笔,0,21,14084,raw_real_texts.csv
207dfd9dbe007674,"好有生命力的文案,每一句都爱死了!

我与世界,都是帧帧瞬间。 我可是主角,这跌宕,是必然的。 充满希望的文案[话题] 自由洒脱文案[话题] 有力量带着光的句子[话题] 文字的力量[话题] 积极向上热爱生活的文案[话题] 生命力[话题] 乐观豁达的文案[话题] 生命力文案[话题]","好有生命力的文案,每一句都爱死了!","我与世界,都是帧帧瞬间。 我可是主角,这跌宕,是必然的。 充满希望的文案[话题] 自由洒脱文案[话题] 有力量带着光的句子[话题] 文字的力量[话题] 积极向上热爱生活的文案[话题] 生命力[话题] 乐观豁达的文案[话题] 生命力文案[话题]",140,情感故事,0,情感故事,治愈文案,0,13,13575,raw_real_texts2.csv
5f206d4f92f56077,"哪句话总能带给你平静?

句子很短却字字入心 人间清醒语录分享 暖心句子分享 自我成长 疗愈 emo 生活 思考人生 感悟人生 名言警句",哪句话总能带给你平静?,句子很短却字字入心 人间清醒语录分享 暖心句子分享 自我成长 疗愈 emo 生活 思考人生 感悟人生 名言警句,68,情感故事,0,情感故事,治愈文案,0,55,11991,raw_real_texts3.csv
bd1a6fcdf4ad58b6,"好的文字总是振聋发聩。

太喜欢这句话了 每每读起 都仿佛看到了朝阳升起 / 文字是有力量的 文字的力量振聋发聩 感受文字的美好 我被文字打动 笔记灵感 每日手写 手写字体 手写 三毛",好的文字总是振聋发聩。,太喜欢这句话了 每每读起 都仿佛看到了朝阳升起 / 文字是有力量的 文字的力量振聋发聩 感受文字的美好 我被文字打动 笔记灵感 每日手写 手写字体 手写 三毛,92,情感故事,0,情感故事,治愈文案,0,56,11469,raw_real_texts3.csv
d6f98fd47bd6b06e,"我们只是跋涉,不用琢磨太多

可不可以有一些时刻,我们就在一片空旷中闲坐,不谈具体,无所谓现实的任何,清晰的东西太多了,转瞬即逝反而像一种把握,你在想什么?想我们只是跋涉,深一脚浅一脚,呼吸错落,从前和以后都不复存在,看见我吧,也关心我,不用琢磨太多","我们只是跋涉,不用琢磨太多","可不可以有一些时刻,我们就在一片空旷中闲坐,不谈具体,无所谓现实的任何,清晰的东西太多了,转瞬即逝反而像一种把握,你在想什么?想我们只是跋涉,深一脚浅一脚,呼吸错落,从前和以后都不复存在,看见我吧,也关心我,不用琢磨太多",125,情感故事,0,情感故事,治愈文案,0,39,10930,raw_real_texts.csv
243f68d2b18e4cb2,"就这样淡淡地记录 ᄋᄉᄋ/。

1.今天也是阴天。老天想不开的时候就会这样。 2.要么写 要么不写。我的意愿是写。 3.像玩文字游戏一样的 我的日记被我玩。 4.其实我这一生要做的事情只有三件:1好好休息 / 2好好学习 / 3好好体验。 5.但我擅长的事情:把简单的事变复杂。 6.更擅长的事情:对复杂的事情生气。 7.( ̀ ́) (被气笑就会变成这样的人) 8.骗你的。我其实什么都不想做。但真的什么都不做的话我也会生气。一生气就会容易想哭。想哭就会泪如雨下。那我是什么?雨刮器吗? 9.想祝你幸福很久。这句是真的。 10.凑十全十美来的。以上。 / : 懒人日记 文字 随笔 发疯文学 一些有的没的",就这样淡淡地记录 ᄋᄉᄋ/。,1.今天也是阴天。老天想不开的时候就会这样。 2.要么写 要么不写。我的意愿是写。 3.像玩文字游戏一样的 我的日记被我玩。 4.其实我这一生要做的事情只有三件:1好好休息 / 2好好学习 / 3好好体验。 5.但我擅长的事情:把简单的事变复杂。 6.更擅长的事情:对复杂的事情生气。 7.( ̀ ́) (被气笑就会变成这样的人) 8.骗你的。我其实什么都不想做。但真的什么都不做的话我也会生气。一生气就会容易想哭。想哭就会泪如雨下。那我是什么?雨刮器吗? 9.想祝你幸福很久。这句是真的。 10.凑十全十美来的。以上。 / : 懒人日记 文字 随笔 发疯文学 一些有的没的,303,情感故事,0,情感故事,治愈文案,0,33,10741,raw_real_texts.csv
02ceac8a92adef2c,自存一些有生命力和幸福感的文案!! 我要稳稳的幸福 做坚定的幸福主义者 愿我们都能站在幸福里 文案馆 文案分享 文案,我要稳稳的幸福,自存一些有生命力和幸福感的文案!! 我要稳稳的幸福 做坚定的幸福主义者 愿我们都能站在幸福里 文案馆 文案分享 文案,58,情感故事,0,情感故事,治愈文案,0,37,10159,raw_real_texts.csv
d8e8ed9f169db85d,"一期木质系文案

一些简短的 温和的 治愈的小文案 文案[话题] 手写[话题] 句子分享[话题] 温柔系治愈文案[话题] 文艺[话题] 时间治愈一切[话题] 红薯小助手创作者[话题] 底图来自网络~",一期木质系文案,一些简短的 温和的 治愈的小文案 文案[话题] 手写[话题] 句子分享[话题] 温柔系治愈文案[话题] 文艺[话题] 时间治愈一切[话题] 红薯小助手创作者[话题] 底图来自网络~,99,情感故事,0,情感故事,治愈文案,0,9,9495,raw_real_texts2.csv
ceabe3003feb996e,"我擅长感受,却拙于表达

- 很多时候,我总能敏锐的捕捉到别人的情绪,犹豫、克制、喜悦、内耗甚至是稍纵即逝的悲伤。然而,我却是一个言辞匮乏的人 每当我试图将内心的情感表达出来,那些话语紧紧缠绕在我的喉咙,难以发出清晰的声音,那些在心中激荡的情感到了嘴边就变得略显生硬,即便表达出来也在担心自己是否表达准确,害怕别人是否会误解。因此,我大多时候保持沉默。 感受太多,是天赋,也是负担。走在街上,看到外卖小哥在烈日、暴雨中送外卖;看到早上的街道环卫工人推着车、拿着扫把为城市做清洁;看到工人叔叔大热天在外面工作、坐在路边吃着盒饭......每到此刻便想起一句话:心生怜悯是我,袖手旁观是我,无能为力也是我。尽管我的情绪像尖刀一样不停刺痛我的心,却无法用言语表达当时的酸楚。 我曾经以为,感受比语言重要,因为感受是真实的,语言却容易虚假。后来才明白,这世界从来不是非黑即白,感受再真实,若无法表达,它们就只能停留在自己的一隅;而语言再笨拙,也总比什么都不说要好,因为它建立了桥梁,让彼此的感受能抵达对方。 - 随笔 文字 文案 碎碎念 自我成长","我擅长感受,却拙于表达","- 很多时候,我总能敏锐的捕捉到别人的情绪,犹豫、克制、喜悦、内耗甚至是稍纵即逝的悲伤。然而,我却是一个言辞匮乏的人 每当我试图将内心的情感表达出来,那些话语紧紧缠绕在我的喉咙,难以发出清晰的声音,那些在心中激荡的情感到了嘴边就变得略显生硬,即便表达出来也在担心自己是否表达准确,害怕别人是否会误解。因此,我大多时候保持沉默。 感受太多,是天赋,也是负担。走在街上,看到外卖小哥在烈日、暴雨中送外卖;看到早上的街道环卫工人推着车、拿着扫把为城市做清洁;看到工人叔叔大热天在外面工作、坐在路边吃着盒饭......每到此刻便想起一句话:心生怜悯是我,袖手旁观是我,无能为力也是我。尽管我的情绪像尖刀一样不停刺痛我的心,却无法用言语表达当时的酸楚。 我曾经以为,感受比语言重要,因为感受是真实的,语言却容易虚假。后来才明白,这世界从来不是非黑即白,感受再真实,若无法表达,它们就只能停留在自己的一隅;而语言再笨拙,也总比什么都不说要好,因为它建立了桥梁,让彼此的感受能抵达对方。 - 随笔 文字 文案 碎碎念 自我成长",469,情感故事,0,情感故事,成长感悟,0,65,8967,raw_real_texts3.csv
b1569a9962911374,"存一些写小说最喜欢的遗憾风味|素材贴

留个楼 记录到处翻垃圾箱收集的一些别离分手be风味梗 持续更新 侵删 素材积累[话题] 写作[话题] 写作素材[话题] be美学[话题]",存一些写小说最喜欢的遗憾风味|素材贴,留个楼 记录到处翻垃圾箱收集的一些别离分手be风味梗 持续更新 侵删 素材积累[话题] 写作[话题] 写作素材[话题] be美学[话题],88,情感故事,0,情感故事,失恋文案,1,3,8111,raw_real_texts2.csv
59574841b56e8548,"在青春期要见识一些真正宏伟壮丽的东西

初中有一年跟着家人旅游,路途睡在彻夜行驶的大巴上,半夜被暴雨惊醒。我趴在窗边的水幕舍不得眨眼的看,当时行在四周无人的旷野,两边飞快穿过树的黑影,只有接连从天上炸到底的灿烈的电光,一道道当真得照得像白昼那样,和惊彻磅礴的响雷,狂烈呼啸的风和摔打车窗的暴雨。我在其他人酣睡的沉默的车厢里看,还年轻,不懂这是什么感觉,只在无人回应的夜里感到一种眼眶发热的畅快。 青春期 生活",在青春期要见识一些真正宏伟壮丽的东西,"初中有一年跟着家人旅游,路途睡在彻夜行驶的大巴上,半夜被暴雨惊醒。我趴在窗边的水幕舍不得眨眼的看,当时行在四周无人的旷野,两边飞快穿过树的黑影,只有接连从天上炸到底的灿烈的电光,一道道当真得照得像白昼那样,和惊彻磅礴的响雷,狂烈呼啸的风和摔打车窗的暴雨。我在其他人酣睡的沉默的车厢里看,还年轻,不懂这是什么感觉,只在无人回应的夜里感到一种眼眶发热的畅快。 青春期 生活",204,情感故事,0,情感故事,青春随笔,0,24,7905,raw_real_texts.csv
253a990d78f10125,"我从何时开始爱你

去谈论开始喜欢一个人时间是件很困难的事情。 从这端遥遥地望向开始那端,一种近视的模糊,本能的话语缺失。很难找到开始的那个的端点,汹涌的爱意来临之前也不会有任何体感上的征兆,蚂蚁不会在马路上搬家。 所谓喜欢,更像是在乌鸦喝水,每一个心动的时刻是一颗石子,一颗一颗投进去。当水位终于上升到满溢,水流顺着杯壁作流泪状汩汩留下,才心下轰然,觉察那是爱。 文字 我被文字打动 爱情 暗恋 爱永远是突然降临的 原创",我从何时开始爱你,"去谈论开始喜欢一个人时间是件很困难的事情。 从这端遥遥地望向开始那端,一种近视的模糊,本能的话语缺失。很难找到开始的那个的端点,汹涌的爱意来临之前也不会有任何体感上的征兆,蚂蚁不会在马路上搬家。 所谓喜欢,更像是在乌鸦喝水,每一个心动的时刻是一颗石子,一颗一颗投进去。当水位终于上升到满溢,水流顺着杯壁作流泪状汩汩留下,才心下轰然,觉察那是爱。 文字 我被文字打动 爱情 暗恋 爱永远是突然降临的 原创",211,情感故事,0,情感故事,青春随笔,0,20,7712,raw_real_texts.csv
ff9e2fe26104e8c7,"“祝我们仍有勇气做各自命运的句点”

我当然知道我们还会在此后的二十多岁中淋雨、痛哭、失眠,或许将一个人行色匆匆跋涉过风雪天,孤身在外的时刻也想过故乡的云会不会和我漂泊得同样遥远。但还好一路晦明更迭,庸碌诗行里我们仍有勇气做各自命运的句点,仍然愿意从明天起喂马、劈柴、周游世界,在穿过迷茫与失意后还将去再爱一遍人间。 原创 随笔 情感 文字 成长 祝福 我会被文字打动 青春 infj infp",“祝我们仍有勇气做各自命运的句点”,"我当然知道我们还会在此后的二十多岁中淋雨、痛哭、失眠,或许将一个人行色匆匆跋涉过风雪天,孤身在外的时刻也想过故乡的云会不会和我漂泊得同样遥远。但还好一路晦明更迭,庸碌诗行里我们仍有勇气做各自命运的句点,仍然愿意从明天起喂马、劈柴、周游世界,在穿过迷茫与失意后还将去再爱一遍人间。 原创 随笔 情感 文字 成长 祝福 我会被文字打动 青春 infj infp",197,情感故事,0,情感故事,青春随笔,0,8,7600,raw_real_texts.csv
084c19c2eb353e85,"高级治愈文案

1、曲曲折折的路总有它的道理 2、自能生羽翼 何必仰云梯 3.、心静可通万事理 4、别听世俗的耳语 去看自己喜欢的风景 5、我先成为我自己 6、零碎的岛屿终会遇到海 7、风是自由的 而我不是 8、我们都在往前走 所以你也别掉队 9、慢慢理解世界 慢慢更新自己 10、内心丰盈者 独行也出众 11、你开始无趣又光鲜日复一日 12、我野蛮生长 自己便是月亮 13、我被高山围绕山水自然为我祈祷 14、永远自由如风永远为我着迷 15、再狭小的树缝也会被月亮拥抱 16、随心所欲的生活更顺风顺水 17、山不见我我自去看山 18、那就做野花随风起永不散 19、我呢会有破碎 但阳光明媚才是我 20、我们都在往前走 所以也请你别掉队 21、风和我都是自由的 22、生活是个动词 23、且听风吟 静待花开 24、日出是免费的 春夏秋冬也是 25、每天开心就会每天漂亮 26、记忆是一个橘子罐头 27、晒到的阳光分你一半 28、明天太遥远 我要现在",高级治愈文案,1、曲曲折折的路总有它的道理 2、自能生羽翼 何必仰云梯 3.、心静可通万事理 4、别听世俗的耳语 去看自己喜欢的风景 5、我先成为我自己 6、零碎的岛屿终会遇到海 7、风是自由的 而我不是 8、我们都在往前走 所以你也别掉队 9、慢慢理解世界 慢慢更新自己 10、内心丰盈者 独行也出众 11、你开始无趣又光鲜日复一日 12、我野蛮生长 自己便是月亮 13、我被高山围绕山水自然为我祈祷 14、永远自由如风永远为我着迷 15、再狭小的树缝也会被月亮拥抱 16、随心所欲的生活更顺风顺水 17、山不见我我自去看山 18、那就做野花随风起永不散 19、我呢会有破碎 但阳光明媚才是我 20、我们都在往前走 所以也请你别掉队 21、风和我都是自由的 22、生活是个动词 23、且听风吟 静待花开 24、日出是免费的 春夏秋冬也是 25、每天开心就会每天漂亮 26、记忆是一个橘子罐头 27、晒到的阳光分你一半 28、明天太遥远 我要现在,424,情感故事,0,情感故事,治愈文案,0,20,7497,raw_real_texts2.csv
204223f1b40df5cd,"上网就是要看这些的 心暖暖的

大炮轰地球,感谢你如此温暖如大炮 心里暖暖的[话题] 温暖治愈[话题] 温暖[话题] 治愈[话题] 人生的意义[话题] 生命的意义[话题] 爱你老己[话题] 有被感动到[话题] 文字的力量[话题] 感觉尸体都暖了[话题]",上网就是要看这些的 心暖暖的,"大炮轰地球,感谢你如此温暖如大炮 心里暖暖的[话题] 温暖治愈[话题] 温暖[话题] 治愈[话题] 人生的意义[话题] 生命的意义[话题] 爱你老己[话题] 有被感动到[话题] 文字的力量[话题] 感觉尸体都暖了[话题]",126,情感故事,0,情感故事,治愈文案,0,8,7325,raw_real_texts2.csv
0b89ac27dcdb53a6,"我见过最虔诚的心,在每双被命运淋漓过雨季的眼中 年轻的游子总以泪水为刻度编年撰史,为博取命运一次恻隐反复践行,学习以尚且单薄莽撞的勇气驯服这场沉重预言。 可是命运,天地之大,你想要我漂泊至何处? 我曾经天南海北的去顿悟,惊天动地的去追逐,做天真的棋子,做蒙尘的明珠,在岿然而漫长的劫难中惘然自处,遥遥等待一场天赐的福咒;我曾经流逝,眼见一颗菲薄的心在你无声默视中消弭殆尽,变成蛰伏在身体深处一枚图腾;我曾经以为你慷慨辽阔,只要身处其中,不必立经幡也闻祝福,不必拜庙宇也受庇佑。直至血流如注,长泪不止,才惊觉与你相较,我不过是五百年前,烟消云散之后一枚愚昧顽石。 命运教我一身孑然,疼痛欲绝,教我固执的生与死,忧患亘久蛰伏,这许许多多的失落与交付,漂泊无岸的尽头,终于懂得所有断裂是为了生长,所有远行是为了回望。 从此我不再畏惧命运了,我相信所有的雨季都是为了回到最初的洋流。 文学 文字 命运的子弹正中眉心 原创 随笔 约稿 命运 infp 情感树洞 时过境迁物是人非",我不再畏惧命运了,"我见过最虔诚的心,在每双被命运淋漓过雨季的眼中 年轻的游子总以泪水为刻度编年撰史,为博取命运一次恻隐反复践行,学习以尚且单薄莽撞的勇气驯服这场沉重预言。 可是命运,天地之大,你想要我漂泊至何处? 我曾经天南海北的去顿悟,惊天动地的去追逐,做天真的棋子,做蒙尘的明珠,在岿然而漫长的劫难中惘然自处,遥遥等待一场天赐的福咒;我曾经流逝,眼见一颗菲薄的心在你无声默视中消弭殆尽,变成蛰伏在身体深处一枚图腾;我曾经以为你慷慨辽阔,只要身处其中,不必立经幡也闻祝福,不必拜庙宇也受庇佑。直至血流如注,长泪不止,才惊觉与你相较,我不过是五百年前,烟消云散之后一枚愚昧顽石。 命运教我一身孑然,疼痛欲绝,教我固执的生与死,忧患亘久蛰伏,这许许多多的失落与交付,漂泊无岸的尽头,终于懂得所有断裂是为了生长,所有远行是为了回望。 从此我不再畏惧命运了,我相信所有的雨季都是为了回到最初的洋流。 文学 文字 命运的子弹正中眉心 原创 随笔 约稿 命运 infp 情感树洞 时过境迁物是人非",434,情感故事,0,情感故事,青春随笔,0,15,7246,raw_real_texts.csv
49a295d6c430d8b6,"没有任何词句能比“雨季不再来”更好的形容我每次回顾青春往事时的心情。 生命中曾奉为圭臬的沉默、不能开解的结、和自以为天长地久的隐痛居然都随着雨季的结束消失殆尽。曾折磨我不得安睡的理想和恐惧如今成了我生命中平静的湖泊。我依旧追寻它们,却不再迷恋。 在偶尔的书写和表达以及更长时间的沉默中,会梦见高中时的人和事。我最想逃离的自己,你如今过得还好吗? 原来一切就像我曾写过的那样,在没有生长痛的夜晚,人才能品味到青春的回甘。 —— 亲爱的echo,感谢你写下《雨季不再来》 随笔 原创随笔 我会被文字打动 青春 girlstalk 爱是 三毛 icity 漫长的雨季 回忆",雨季不再来,"没有任何词句能比“雨季不再来”更好的形容我每次回顾青春往事时的心情。 生命中曾奉为圭臬的沉默、不能开解的结、和自以为天长地久的隐痛居然都随着雨季的结束消失殆尽。曾折磨我不得安睡的理想和恐惧如今成了我生命中平静的湖泊。我依旧追寻它们,却不再迷恋。 在偶尔的书写和表达以及更长时间的沉默中,会梦见高中时的人和事。我最想逃离的自己,你如今过得还好吗? 原来一切就像我曾写过的那样,在没有生长痛的夜晚,人才能品味到青春的回甘。 —— 亲爱的echo,感谢你写下《雨季不再来》 随笔 原创随笔 我会被文字打动 青春 girlstalk 爱是 三毛 icity 漫长的雨季 回忆",283,情感故事,0,情感故事,青春随笔,0,1,7077,raw_real_texts.csv
25a26bdf57cfb618,"有无朋友进来帮我解析......

偶然找到了母亲当时的QQ账号 写了很多诗 大家可以解析试试! 以下是当时说说的全部内容꒦ິ^꒦ິ 写于十四年前,那个悲痛的只有黑白两色的青春 -旧曲在颤动的树叶间死了,谁可以让我十四岁殒葬的泪水涅槃或再生,所有的童话般的期冀被判为绝刑。 陈 述 作者 林清浅 暗暝中空白着躯壳 预言家沉默于 预言 还那身着装 自始 至终 围圈内的人 在履行狂妄地嘶喊 妻子、儿女拼命摇着 象牙塔 无奈 原以为留待千年的 披纱 还有人不动声色 有人麻木 机械地抬着花盆、冰块 冰块被热氛谋杀 白色落幕 生命在点滴中融化...... 冬 光着脚丫走来走去 潮涌的泪水是别了的葬花 预言家实现了预言 还那身着装 到底是谁管辖这一片黑白凄惨 被告转过身来--是法官 那么祈祷你是在做什么 膜拜 我该朝哪面墙 诗人[话题] 写诗[话题] 中文系[话题]",有无朋友进来帮我解析......,"偶然找到了母亲当时的QQ账号 写了很多诗 大家可以解析试试! 以下是当时说说的全部内容꒦ິ^꒦ິ 写于十四年前,那个悲痛的只有黑白两色的青春 -旧曲在颤动的树叶间死了,谁可以让我十四岁殒葬的泪水涅槃或再生,所有的童话般的期冀被判为绝刑。 陈 述 作者 林清浅 暗暝中空白着躯壳 预言家沉默于 预言 还那身着装 自始 至终 围圈内的人 在履行狂妄地嘶喊 妻子、儿女拼命摇着 象牙塔 无奈 原以为留待千年的 披纱 还有人不动声色 有人麻木 机械地抬着花盆、冰块 冰块被热氛谋杀 白色落幕 生命在点滴中融化...... 冬 光着脚丫走来走去 潮涌的泪水是别了的葬花 预言家实现了预言 还那身着装 到底是谁管辖这一片黑白凄惨 被告转过身来--是法官 那么祈祷你是在做什么 膜拜 我该朝哪面墙 诗人[话题] 写诗[话题] 中文系[话题]",381,情感故事,0,情感故事,青春随笔,0,4,6621,raw_real_texts2.csv
db742eda6791b6b0,"“女性最高级的成长:独美,且自恰”

走过很多弯路才发现,女性最好的成长,是先把自己经营好 —— 先独美,拥有取悦自己的能力。再自洽,接纳所有的不完美。内核稳了,一切都顺了 分享几句治愈到骨子里的诗,送给正在独自成长的我们: ▫️我不再寻找,不再等待,不再把幸福寄托在别人的掌心。我开始耕种自己的土地,浇水、施肥,看种子在黑暗里慢慢发芽,看花朵在阳光下静静绽放。—— 席慕容《独白》 ▫️我居于自己的世界,像一个女王,不受世俗的喧嚣打扰,我的思想是我的臣民,我的灵魂是我的城堡。—— 狄金森《我》 ▫️你可以做茉莉、做雏菊、做无名小花,做千千万万。你不必成为谁的附庸,不必活在别人的期待里,你只需做你自己,在自己的节奏里,慢慢生长,静静芬芳。—— 余秀华《你不一定要做玫瑰》 ▫️我和我散步,我和我聊天,我和我在深夜里煮一碗面,我和我在清晨看第一缕阳光。没有孤独,只有和自己好好相处的温柔。—— 林婉瑜《我和我》 ▫️我很小,但我很完整。我有我的喜怒哀乐,我有我的悲欢离合,我不必向谁证明什么,不必为谁改变什么,我就是我,独一无二的我。—— 海桑《小小的我》 愿我们都能在独立成长的路上,与自我和解,与生活温柔相待,活成自己最喜欢的样子 · 在文字里重新来过[话题] 文字的力量[话题] 女性成长[话题] 女性独立[话题] 女性力量崛起[话题] 诗歌美学[话题] 治愈系[话题]","“女性最高级的成长:独美,且自恰”","走过很多弯路才发现,女性最好的成长,是先把自己经营好 —— 先独美,拥有取悦自己的能力。再自洽,接纳所有的不完美。内核稳了,一切都顺了 分享几句治愈到骨子里的诗,送给正在独自成长的我们: ▫️我不再寻找,不再等待,不再把幸福寄托在别人的掌心。我开始耕种自己的土地,浇水、施肥,看种子在黑暗里慢慢发芽,看花朵在阳光下静静绽放。—— 席慕容《独白》 ▫️我居于自己的世界,像一个女王,不受世俗的喧嚣打扰,我的思想是我的臣民,我的灵魂是我的城堡。—— 狄金森《我》 ▫️你可以做茉莉、做雏菊、做无名小花,做千千万万。你不必成为谁的附庸,不必活在别人的期待里,你只需做你自己,在自己的节奏里,慢慢生长,静静芬芳。—— 余秀华《你不一定要做玫瑰》 ▫️我和我散步,我和我聊天,我和我在深夜里煮一碗面,我和我在清晨看第一缕阳光。没有孤独,只有和自己好好相处的温柔。—— 林婉瑜《我和我》 ▫️我很小,但我很完整。我有我的喜怒哀乐,我有我的悲欢离合,我不必向谁证明什么,不必为谁改变什么,我就是我,独一无二的我。—— 海桑《小小的我》 愿我们都能在独立成长的路上,与自我和解,与生活温柔相待,活成自己最喜欢的样子 · 在文字里重新来过[话题] 文字的力量[话题] 女性成长[话题] 女性独立[话题] 女性力量崛起[话题] 诗歌美学[话题] 治愈系[话题]",589,情感故事,0,情感故事,治愈文案,0,6,6453,raw_real_texts2.csv
2db75da43069ffed,"我生命的厚度还不足以赋予我连贯的意象。 即便是最恳切的情绪,盛到纸张上好像也会只剩几行句子的热度。一切都在象征性地弥散,关于往日的印象,那些交叠的手掌、那些恬静的拥抱、那些能由一段简单旋律牵引出的后知后觉,像燃烧的意象被海浪击碎。 即使在夏天,我口中仍然呼着短促的雾气,那是我记忆的蒙太奇。 文字 随笔 原创 碎碎念 我会被文字打动 记忆 生命中的夏天 总会消逝 生命的厚度 单薄如纸",那是我记忆的蒙太奇,"我生命的厚度还不足以赋予我连贯的意象。 即便是最恳切的情绪,盛到纸张上好像也会只剩几行句子的热度。一切都在象征性地弥散,关于往日的印象,那些交叠的手掌、那些恬静的拥抱、那些能由一段简单旋律牵引出的后知后觉,像燃烧的意象被海浪击碎。 即使在夏天,我口中仍然呼着短促的雾气,那是我记忆的蒙太奇。 文字 随笔 原创 碎碎念 我会被文字打动 记忆 生命中的夏天 总会消逝 生命的厚度 单薄如纸",192,情感故事,0,情感故事,青春随笔,0,16,5480,raw_real_texts.csv
3e9f8bbe96af70e2,"期末复习总让人有灵感

复习的时候,打游戏,会心慌,放下手柄,觉得时光虚度。但写东西不会,像是回到高中晚自习对着草稿纸发呆的时候,特别满足。 随笔 期末复习 记录 bg 薄荷",期末复习总让人有灵感,"复习的时候,打游戏,会心慌,放下手柄,觉得时光虚度。但写东西不会,像是回到高中晚自习对着草稿纸发呆的时候,特别满足。 随笔 期末复习 记录 bg 薄荷",87,情感故事,0,情感故事,青春随笔,0,17,5404,raw_real_texts.csv
c8e4a65eda6d7ce4,"人类最不擅长的事是说再见。 “再见”这个字真的好神奇。它太轻了,像是从口齿之间轻飘飘地叹出来的,飞到未知的远方。它又太重了,落在似水年华里,像一滴积攒已久的泪珠坠落到轻薄的纸上,晕开的是我们的百感交集。又像是重若千钧的陨石毫无征兆地降落在土地上,留下难以填平的沟壑。 “再见”说出口时,周围的空气仿佛都染上了悲情的色彩。我感受到,江海在吐纳,世界在叹息,宇宙在无情地吸吮着时间。 我想,再见这个词,大抵也有很悠久的历史吧。它囊括了太多太多,跨越了王朝的更迭和四季的变迁,从光年之外走向我们眼前,见证着我们从一开始的犹豫不决到后来的落子无悔。 毕业典礼那天,很多事情被带上了“最后一次”的前缀。最后一张合照,最后一次拥抱,最后一次和你说再见,最正式、最有温度的再见。我看着你眼睛里的我自己变得越来越小,看着你的背影,默默地说出了道别的话语。 随后迎来的,是泪眼婆娑。 “再见”这个词,早已穿透了我们生命的涟漪,穿梭在跌宕起伏之间。 我们该说再见,还是再也不见呢? 文字 随笔 我们还会再见的 人总要离别 Icelume 爱 青春 再见 离别 所以说永远多长",人类最不擅长的事是说再见,"人类最不擅长的事是说再见。 “再见”这个字真的好神奇。它太轻了,像是从口齿之间轻飘飘地叹出来的,飞到未知的远方。它又太重了,落在似水年华里,像一滴积攒已久的泪珠坠落到轻薄的纸上,晕开的是我们的百感交集。又像是重若千钧的陨石毫无征兆地降落在土地上,留下难以填平的沟壑。 “再见”说出口时,周围的空气仿佛都染上了悲情的色彩。我感受到,江海在吐纳,世界在叹息,宇宙在无情地吸吮着时间。 我想,再见这个词,大抵也有很悠久的历史吧。它囊括了太多太多,跨越了王朝的更迭和四季的变迁,从光年之外走向我们眼前,见证着我们从一开始的犹豫不决到后来的落子无悔。 毕业典礼那天,很多事情被带上了“最后一次”的前缀。最后一张合照,最后一次拥抱,最后一次和你说再见,最正式、最有温度的再见。我看着你眼睛里的我自己变得越来越小,看着你的背影,默默地说出了道别的话语。 随后迎来的,是泪眼婆娑。 “再见”这个词,早已穿透了我们生命的涟漪,穿梭在跌宕起伏之间。 我们该说再见,还是再也不见呢? 文字 随笔 我们还会再见的 人总要离别 Icelume 爱 青春 再见 离别 所以说永远多长",477,情感故事,0,情感故事,青春随笔,0,5,5141,raw_real_texts.csv
46f76a134bf89a8f,"为什么曾经意气风发的我们都陷入了一种迷茫

从我个人的角度 我觉得我们这一批普通的学生 好像在没有受过生命教育 还没有对自己有一定的探索甚至根本还不知道要怎么好好的做自己的时候 就只有轰轰烈烈的像海浪一样的 对我们说 高考是唯一的出路读书是你改变命运的钥匙 其实说的都很对 可是我们甚至连对生命对自己都没有一个大概的认识 或者说对于自我与世界的联系还并没有太去感触的时候就被这些“海浪”卷了进去 一点一点 一下一下 被拍在对我们来说很陌生的一片沙滩上 这个时代却不允许我们停下 不允许我们有时间去迎接去面对 去了解更多的关于自己的世界的东西 这么说吧 有时候你让一个还不知道自己的存在是一个什么存在具有怎样的意义的人 你让他脑子里每天都被轰隆的接收那些激昂的慷慨的那些话语 告诉他就这样就这一次 还有各种各样乱七八糟的 他会逐渐的 偏离也许曾经会去的轨道 也会变得迷茫 找不到自己 变的痛苦 甚至有很多年轻的我们 会不知所措 会不小心陷入内耗的怪圈 会生病 可能还会选择放弃这些 可这本不应该的 至少是可以避免的 对吗? 张锡峰[话题] 青少年[话题] 高中生[话题] 随笔[话题] 寻找自己[话题] 做自己[话题]",为什么曾经意气风发的我们都陷入了一种迷茫,从我个人的角度 我觉得我们这一批普通的学生 好像在没有受过生命教育 还没有对自己有一定的探索甚至根本还不知道要怎么好好的做自己的时候 就只有轰轰烈烈的像海浪一样的 对我们说 高考是唯一的出路读书是你改变命运的钥匙 其实说的都很对 可是我们甚至连对生命对自己都没有一个大概的认识 或者说对于自我与世界的联系还并没有太去感触的时候就被这些“海浪”卷了进去 一点一点 一下一下 被拍在对我们来说很陌生的一片沙滩上 这个时代却不允许我们停下 不允许我们有时间去迎接去面对 去了解更多的关于自己的世界的东西 这么说吧 有时候你让一个还不知道自己的存在是一个什么存在具有怎样的意义的人 你让他脑子里每天都被轰隆的接收那些激昂的慷慨的那些话语 告诉他就这样就这一次 还有各种各样乱七八糟的 他会逐渐的 偏离也许曾经会去的轨道 也会变得迷茫 找不到自己 变的痛苦 甚至有很多年轻的我们 会不知所措 会不小心陷入内耗的怪圈 会生病 可能还会选择放弃这些 可这本不应该的 至少是可以避免的 对吗? 张锡峰[话题] 青少年[话题] 高中生[话题] 随笔[话题] 寻找自己[话题] 做自己[话题],508,情感故事,0,情感故事,青春随笔,0,4,5089,raw_real_texts2.csv
75be2c2a5e77c466,"“二十几岁的生命底色是混乱与懵懂”

我始终不认为,二十几岁是人生的黄金时代。它像是一场突如其来的旋风,带着混乱和痛苦劈头盖脸地冲向每个渴望简单幸福的年轻人。生命底色在熔炉中被重塑,伤痕刻在灵hun深处,变成了只有自己能读懂的语言。 - 到二十几岁,我才不得不承认,这段生命的颜色充满混沌与绞痛。我不会明白何为伤痕,何为焚烧殆尽后的自我只能靠暗号慰藉。我不会懂得成年人如何在一次又一次溺水般的经历中试图靠岸,zui终却不得不承认,岸不一定存在。又或许,岸并不是我们想象中的那个样子。 原来我们就是青春 治愈 成长 随笔 迷茫与成长 小红书原创随笔 永远会被这段文字打动 行走二十岁 情感 约稿展示",“二十几岁的生命底色是混乱与懵懂”,"我始终不认为,二十几岁是人生的黄金时代。它像是一场突如其来的旋风,带着混乱和痛苦劈头盖脸地冲向每个渴望简单幸福的年轻人。生命底色在熔炉中被重塑,伤痕刻在灵hun深处,变成了只有自己能读懂的语言。 - 到二十几岁,我才不得不承认,这段生命的颜色充满混沌与绞痛。我不会明白何为伤痕,何为焚烧殆尽后的自我只能靠暗号慰藉。我不会懂得成年人如何在一次又一次溺水般的经历中试图靠岸,zui终却不得不承认,岸不一定存在。又或许,岸并不是我们想象中的那个样子。 原来我们就是青春 治愈 成长 随笔 迷茫与成长 小红书原创随笔 永远会被这段文字打动 行走二十岁 情感 约稿展示",298,情感故事,0,情感故事,青春随笔,0,2,4859,raw_real_texts.csv
cc12901518b81a46,"一些充满能量的句子3.0

最后,应该向前,继续向前 我期待这个春天。 我被文字打动 文字的力量 句子分享 自我成长 高能量 有力量的话 磁场 治愈 infj",一些充满能量的句子3.0,"最后,应该向前,继续向前 我期待这个春天。 我被文字打动 文字的力量 句子分享 自我成长 高能量 有力量的话 磁场 治愈 infj",79,情感故事,0,情感故事,治愈文案,0,33,4784,raw_real_texts.csv
c3a0e692277eecd4,"《苦橙子》|致每个女孩失声的青春期

“当语言失效时,身体便开始尖叫” 这篇文字写起来很痛苦,但我希望大家都能自己治愈自己,咽下苦橙子,用声音代替咳嗽, 让那些“未发出的声音”都可以被听到 原创随笔 原创短篇小说 青春期 谁的青春不迷茫 girltalk 软柿子疯起来",《苦橙子》|致每个女孩失声的青春期,"“当语言失效时,身体便开始尖叫” 这篇文字写起来很痛苦,但我希望大家都能自己治愈自己,咽下苦橙子,用声音代替咳嗽, 让那些“未发出的声音”都可以被听到 原创随笔 原创短篇小说 青春期 谁的青春不迷茫 girltalk 软柿子疯起来",134,情感故事,0,情感故事,青春随笔,0,6,4617,raw_real_texts.csv
effca9529ceddcb0,"青海|人间塞尔达

一场五彩斑斓的梦 穿越荒漠、戈壁、湖泊、雪山与无人区 终于读懂了西北的孤寂与浪漫 短短几帧画面 装不下青海万分之一的辽阔 德令哈的温柔、柏树山的冷峻 托素湖的湛蓝、昆仑山的巍峨 察尔汗的翡翠、可可西里的精灵 日月山的经幡、青海湖的海鸥 水上雅丹的孤绝,还有藏在旷野里的自由 每一幕,都是这片土地写给我的诗 青海 人间塞尔达 西北大环线 青海旅行 治愈系风景 德令哈 可可西里 察尔汗盐湖 昆仑山 水上雅丹",青海|人间塞尔达,"一场五彩斑斓的梦 穿越荒漠、戈壁、湖泊、雪山与无人区 终于读懂了西北的孤寂与浪漫 短短几帧画面 装不下青海万分之一的辽阔 德令哈的温柔、柏树山的冷峻 托素湖的湛蓝、昆仑山的巍峨 察尔汗的翡翠、可可西里的精灵 日月山的经幡、青海湖的海鸥 水上雅丹的孤绝,还有藏在旷野里的自由 每一幕,都是这片土地写给我的诗 青海 人间塞尔达 西北大环线 青海旅行 治愈系风景 德令哈 可可西里 察尔汗盐湖 昆仑山 水上雅丹",212,情感故事,0,情感故事,治愈文案,0,44,4357,raw_real_texts3.csv
ba019053a084257e,"“与珍贵的人一起澎湃。”

付出爱是我的本能,我喜欢为在意的人事激发所有感官,我的眼泪是滚烫的熔岩,我的心疼是冲破屏幕的安抚,我的笑容是因为幸福。我依然拥有敢于不顾一切的能力,哪怕结局是悬崖,我也没想过回头。 因为我知道,全身心爱上什么是人生太难做到的事情,此刻我的生命与你们有关,我不要无味地来去,我要斩钉截铁地留下痕迹。 我被文字打动 infj 文案 原创 情感 随笔 追星 青春 cp 爱自己",“与珍贵的人一起澎湃。”,"付出爱是我的本能,我喜欢为在意的人事激发所有感官,我的眼泪是滚烫的熔岩,我的心疼是冲破屏幕的安抚,我的笑容是因为幸福。我依然拥有敢于不顾一切的能力,哪怕结局是悬崖,我也没想过回头。 因为我知道,全身心爱上什么是人生太难做到的事情,此刻我的生命与你们有关,我不要无味地来去,我要斩钉截铁地留下痕迹。 我被文字打动 infj 文案 原创 情感 随笔 追星 青春 cp 爱自己",199,情感故事,0,情感故事,青春随笔,0,18,4353,raw_real_texts.csv
9afe0937fb55cd21,"爱|“你知道吧 我在写你””

“你知道吧 我在写你” / 我没有办法比 明天的我更喜欢你 / 想念一次真实的约会 电子玫瑰没有花香 / 爱 , 原就是自卑弃暗投明的时刻 / 你知道吧 我在写你 / 只要你说你爱我[话题] 我们需要爱[话题] 我会被文字打动[话题] 治愈心情[话题] 我的文字里有你的故事[话题] 分享文案[话题] 书摘[话题] 文字摘录[话题] 每日书摘[话题] 壁纸[话题] 阅读马拉松[话题]",爱|“你知道吧 我在写你””,"“你知道吧 我在写你” / 我没有办法比 明天的我更喜欢你 / 想念一次真实的约会 电子玫瑰没有花香 / 爱 , 原就是自卑弃暗投明的时刻 / 你知道吧 我在写你 / 只要你说你爱我[话题] 我们需要爱[话题] 我会被文字打动[话题] 治愈心情[话题] 我的文字里有你的故事[话题] 分享文案[话题] 书摘[话题] 文字摘录[话题] 每日书摘[话题] 壁纸[话题] 阅读马拉松[话题]",208,情感故事,0,情感故事,治愈文案,0,19,4252,raw_real_texts2.csv
16d7f2d03b4908e5,"1.“这次没关系了,以后也不会有关系了。” 2. “说不遗憾是假的,只是我不说了。” 3. “祝你有人陪,祝我习惯一个人。” 4. “别回头了,我真的没站在原地。” 5. “从喜欢你,到放下你,我走得很慢,但很坚定。” 6. “你教会我爱,却没教我忘。” 7. “不是错的人,只是时间不对。” 8. “你是我眼里的星星,也是我落不下的夜。” 9. “故事散场了,我也该回自己的生活了。” 10. “删掉了聊天记录,但删不掉那段时光。” 11. “我没有等你,只是还没办法喜欢别人。” 12. “我努力变得温柔体贴,最后只感动了自己。” 13. “你是我竖起再高自尊也放不下的人。” 14. “很可惜,故事的结尾不是你。” 15. “我们没有吵架、没有误会,就是慢慢不合适了。” 16. “后来我把爱意藏起来,像从未来过一样。” 17. “我本来以为你是例外,后来才发现你只是其中之一。” 18. “你没有如约而至,我却不忍失约离去。” 19. “删了你,像关掉了一场漫长的梦。” 20. “在错的人那里停留太久,会错过对的人。” 失恋文案[话题] 遗憾文案[话题] 情绪化文案[话题] 无风格小众文案[话题] 文案素材分享[话题] 失恋语录[话题]",,"1.“这次没关系了,以后也不会有关系了。” 2. “说不遗憾是假的,只是我不说了。” 3. “祝你有人陪,祝我习惯一个人。” 4. “别回头了,我真的没站在原地。” 5. “从喜欢你,到放下你,我走得很慢,但很坚定。” 6. “你教会我爱,却没教我忘。” 7. “不是错的人,只是时间不对。” 8. “你是我眼里的星星,也是我落不下的夜。” 9. “故事散场了,我也该回自己的生活了。” 10. “删掉了聊天记录,但删不掉那段时光。” 11. “我没有等你,只是还没办法喜欢别人。” 12. “我努力变得温柔体贴,最后只感动了自己。” 13. “你是我竖起再高自尊也放不下的人。” 14. “很可惜,故事的结尾不是你。” 15. “我们没有吵架、没有误会,就是慢慢不合适了。” 16. “后来我把爱意藏起来,像从未来过一样。” 17. “我本来以为你是例外,后来才发现你只是其中之一。” 18. “你没有如约而至,我却不忍失约离去。” 19. “删了你,像关掉了一场漫长的梦。” 20. “在错的人那里停留太久,会错过对的人。” 失恋文案[话题] 遗憾文案[话题] 情绪化文案[话题] 无风格小众文案[话题] 文案素材分享[话题] 失恋语录[话题]",524,情感故事,0,情感故事,失恋文案,1,4,4033,raw_real_texts2.csv
dd30132ada4dfb2b,"“我们为月亮流泪,也为前途哽咽”

就算命运常令人哭泣,我也还是不想放手,毕竟眼泪并未阻碍我的勇敢和追寻。 无论怎样,明天之后永远还有崭新的白昼,正如少女时代我们不缺果敢和勇气,不缺重头再来的坚决和高昂。 成长 随笔 我与我周旋久","“我们为月亮流泪,也为前途哽咽”","就算命运常令人哭泣,我也还是不想放手,毕竟眼泪并未阻碍我的勇敢和追寻。 无论怎样,明天之后永远还有崭新的白昼,正如少女时代我们不缺果敢和勇气,不缺重头再来的坚决和高昂。 成长 随笔 我与我周旋久",115,情感故事,0,情感故事,成长感悟,0,68,3518,raw_real_texts3.csv
41895e5946b09982,"“这些,才是被称作青春的东西”

等你们长大后,回想起高中这三年,你们根本不会记得自己学到了什么,只会想起一些停电的夜晚,食堂某天做得特别好吃的红烧肉,还有全班同学一起看过的影片,这就是后来被你们称作青春的东西。 ps.上面是网传小说里的一段话。 原来我们就是青春 2025高考季 高考应援团 成长 原创随笔 治愈 情感 高中 校园 约稿展示","“这些,才是被称作青春的东西”","等你们长大后,回想起高中这三年,你们根本不会记得自己学到了什么,只会想起一些停电的夜晚,食堂某天做得特别好吃的红烧肉,还有全班同学一起看过的影片,这就是后来被你们称作青春的东西。 ps.上面是网传小说里的一段话。 原来我们就是青春 2025高考季 高考应援团 成长 原创随笔 治愈 情感 高中 校园 约稿展示",171,情感故事,0,情感故事,青春随笔,0,22,3439,raw_real_texts.csv
086fce5d24a797a4,"台湾文学|那些细腻与潮湿的描写

【1】 我们憧憬的人生前景,是金色的,未来命运的凶险,我们当时浑然未觉。 ——白先勇《树犹如此》 【2】 我们不要在这里,跟我回去18岁,躲到台大校园杜鹃花丛下,不要被命运找到。 但是我无法避免 十八岁那一年对警告置若罔闻, 我了解我自己,我如果重回十八岁, 我仍然会从杜鹃花丛中冲出来,对命运说 ,我在这里。 ——简媜《相逢在异国的夏日午后》 【3】 那年我十四岁,我最好的朋友是孔兆年和狼狗,我最想念的人是何雅文。我还记得他们躲起来之前的样子。1998年11月 【4】 世界分分秒秒在破碎, 爱在破碎, 希望在破碎,信念在破碎, 像站在一个火山口, 我所爱的人一个个掉进火山里, 身上每个细胞 仿佛都在起火燃烧, 痛苦的意识 把一秒钟延长成无限。 ——邱妙津《鳄鱼手记》 【5】 因为再热烈的话语都不过是我们对世界的,生疏的证言。 ——童伟格《西北雨》 - 关于SankToys Lonely Together.一个简单有趣,耐人寻味的潮流玩具美学品牌。 「独·白」是专属于SankToys的文字栏目,和你分享浪漫小众的句子。你可以说出你心里的诗句,我们将它孕育成画作邮寄给你,让孤独彼此链接。 - 人生流淌在文字里 文学的力量 令人惊艳的句子 文学 惊艳到你的句子 台湾文学 惊艳你的句子 文案素材分享 今日文案 情感文案",台湾文学|那些细腻与潮湿的描写,"【1】 我们憧憬的人生前景,是金色的,未来命运的凶险,我们当时浑然未觉。 ——白先勇《树犹如此》 【2】 我们不要在这里,跟我回去18岁,躲到台大校园杜鹃花丛下,不要被命运找到。 但是我无法避免 十八岁那一年对警告置若罔闻, 我了解我自己,我如果重回十八岁, 我仍然会从杜鹃花丛中冲出来,对命运说 ,我在这里。 ——简媜《相逢在异国的夏日午后》 【3】 那年我十四岁,我最好的朋友是孔兆年和狼狗,我最想念的人是何雅文。我还记得他们躲起来之前的样子。1998年11月 【4】 世界分分秒秒在破碎, 爱在破碎, 希望在破碎,信念在破碎, 像站在一个火山口, 我所爱的人一个个掉进火山里, 身上每个细胞 仿佛都在起火燃烧, 痛苦的意识 把一秒钟延长成无限。 ——邱妙津《鳄鱼手记》 【5】 因为再热烈的话语都不过是我们对世界的,生疏的证言。 ——童伟格《西北雨》 - 关于SankToys Lonely Together.一个简单有趣,耐人寻味的潮流玩具美学品牌。 「独·白」是专属于SankToys的文字栏目,和你分享浪漫小众的句子。你可以说出你心里的诗句,我们将它孕育成画作邮寄给你,让孤独彼此链接。 - 人生流淌在文字里 文学的力量 令人惊艳的句子 文学 惊艳到你的句子 台湾文学 惊艳你的句子 文案素材分享 今日文案 情感文案",581,情感故事,0,情感故事,治愈文案,0,46,3280,raw_real_texts3.csv
c2153b56b571bc6e,"我祝你和人类和植物一样幸福

你问我:“你写得你比较喜欢是哪些类型的句子,与什么有关?” 我盯着你发来的消息想了很久,回答不上来,自己也说不清。没有固定的主题,没有刻意的立意,更没有什么宏大的叙事。 我只是拿出手机记录着,各种形状颜色的情绪。开心时写,难过时写,莫名哀愁时写,心里空落时写。写完总会踏实一些。 有时是刚合上书页,有时是一部电影落幕、小说里的情节,胸口翻涌什么,就记下来,就如同这个没有没尾的春天。 基本每天都写,如果非要是说喜欢写那种话,我喜欢写祝福的话,我希望那些轻轻重重的祝福都落在你身上。 / 诗歌 文字 总会被一些文字感动 文字即心情 原创文字",我祝你和人类和植物一样幸福,"你问我:“你写得你比较喜欢是哪些类型的句子,与什么有关?” 我盯着你发来的消息想了很久,回答不上来,自己也说不清。没有固定的主题,没有刻意的立意,更没有什么宏大的叙事。 我只是拿出手机记录着,各种形状颜色的情绪。开心时写,难过时写,莫名哀愁时写,心里空落时写。写完总会踏实一些。 有时是刚合上书页,有时是一部电影落幕、小说里的情节,胸口翻涌什么,就记下来,就如同这个没有没尾的春天。 基本每天都写,如果非要是说喜欢写那种话,我喜欢写祝福的话,我希望那些轻轻重重的祝福都落在你身上。 / 诗歌 文字 总会被一些文字感动 文字即心情 原创文字",284,情感故事,0,情感故事,治愈文案,0,59,3218,raw_real_texts3.csv
c91d139a0ea4e0ff,"治愈系文案|一些很温暖不内耗的文字

生命如此短暂我们没有时间 去争吵、道歉、伤心、斤斤计较 我们只有时间去爱, 一切稍纵即逝 ——马克·吐温 如果你赶不上凌晨五点的日出 不妨看看傍晚六点的夕阳 我的意思是任何时间都不晚 人生没有幸福不幸福 只有知足和不知足。 无病无灾就是福泽,温饱无忧就是幸事。 至于其他, 有则锦上添花,无则依旧风华 赚钱的目的是为了更好的生活 而生活的目的不仅仅是赚钱。 不要和别人比生活,生活永远比不完。 每个人都有属于自己的一片森林 也许我们从来不曾去过, 但它一直在那里,总会在那里。 迷失的人迷失了, 相逢的人会再相逢。 ——村上春树 生为冰山, 就该淡淡地爱海流爱风 并且在偶然接触的时候 全心全意地爱另一块冰山。 ——王小波 雨过天晴,终要好天气。 世间于我于万种欢喜, 沿途逐枝头怒放, 全部遗漏都不要紧 得你一枝配我胸襟就好 ——张嘉佳 在岁月,我们走过了许多春夏秋冬; 在人生,我们走过了许多冷暖炎凉 我总相信,在更深更广处 我们一定要维持着美好的心 欣赏的心 就像是春天想到百合 秋天想到芒花 永远保持着预约的希望。 ——林清玄 逝去的从容逝去, 重来的依旧重来 在沧桑的枝叶间, 择取一朵明媚,簪进岁月肌里, 许它疼痛又甜蜜。 ——汪曾祺 经典摘抄 文案 句子 温柔系治愈文字 打动人心的句子 令人惊艳的句子 好句分享 暖心句子分享 治愈的文字 分享好句",治愈系文案|一些很温暖不内耗的文字,"生命如此短暂我们没有时间 去争吵、道歉、伤心、斤斤计较 我们只有时间去爱, 一切稍纵即逝 ——马克·吐温 如果你赶不上凌晨五点的日出 不妨看看傍晚六点的夕阳 我的意思是任何时间都不晚 人生没有幸福不幸福 只有知足和不知足。 无病无灾就是福泽,温饱无忧就是幸事。 至于其他, 有则锦上添花,无则依旧风华 赚钱的目的是为了更好的生活 而生活的目的不仅仅是赚钱。 不要和别人比生活,生活永远比不完。 每个人都有属于自己的一片森林 也许我们从来不曾去过, 但它一直在那里,总会在那里。 迷失的人迷失了, 相逢的人会再相逢。 ——村上春树 生为冰山, 就该淡淡地爱海流爱风 并且在偶然接触的时候 全心全意地爱另一块冰山。 ——王小波 雨过天晴,终要好天气。 世间于我于万种欢喜, 沿途逐枝头怒放, 全部遗漏都不要紧 得你一枝配我胸襟就好 ——张嘉佳 在岁月,我们走过了许多春夏秋冬; 在人生,我们走过了许多冷暖炎凉 我总相信,在更深更广处 我们一定要维持着美好的心 欣赏的心 就像是春天想到百合 秋天想到芒花 永远保持着预约的希望。 ——林清玄 逝去的从容逝去, 重来的依旧重来 在沧桑的枝叶间, 择取一朵明媚,簪进岁月肌里, 许它疼痛又甜蜜。 ——汪曾祺 经典摘抄 文案 句子 温柔系治愈文字 打动人心的句子 令人惊艳的句子 好句分享 暖心句子分享 治愈的文字 分享好句",600,情感故事,0,情感故事,治愈文案,0,28,3054,raw_real_texts.csv
1e7d46efe4b04761,"那些干净治愈的薄荷曼波文学 文字是种救赎

夏天文案 文人笔下的浪漫 文字的魅力 文艺句子 句子控 属于夏天的诗 文字的温度 美好分享我会被文字打动 治愈系散文 惊艳到你的句子 绿意疗愈 薄荷曼波 薄荷曼波风 自然系文案 重逢与希望 夏天文案",那些干净治愈的薄荷曼波文学 文字是种救赎,夏天文案 文人笔下的浪漫 文字的魅力 文艺句子 句子控 属于夏天的诗 文字的温度 美好分享我会被文字打动 治愈系散文 惊艳到你的句子 绿意疗愈 薄荷曼波 薄荷曼波风 自然系文案 重逢与希望 夏天文案,121,情感故事,0,情感故事,治愈文案,0,54,2966,raw_real_texts3.csv
d9d1c623a159d5db,"“我许愿成长不再需要天赋和灵气作为交换”

又过了一个生日,内心没有太多想表达的。在晚上的十一点三十分,还是想为自己留下一点什么。虽然没有赶上时间,但既然写到了这里,就祝昨天的自己生日快乐,一直勇敢地前行。 生日 随笔 成为我自己 生日文案",“我许愿成长不再需要天赋和灵气作为交换”,"又过了一个生日,内心没有太多想表达的。在晚上的十一点三十分,还是想为自己留下一点什么。虽然没有赶上时间,但既然写到了这里,就祝昨天的自己生日快乐,一直勇敢地前行。 生日 随笔 成为我自己 生日文案",120,情感故事,0,情感故事,成长感悟,0,67,2751,raw_real_texts3.csv
f1be8623d5d9a24e,"亲爱的朋友,不要惧怕生命里的褶皱或是痛楚、这一切都会变成舒缓的云朵飘去,我们依旧有珍贵的一切。 . 我的太多文字的开篇都是我:我感觉、我觉得、我......有时候会猛地发现然后开始思考,是一种对于自我的过度依赖吗?我把自己想象地太神性,觉得自己可以依托一切,所以我总是我、我、我,我不知道这样是否是好的。 说着说着,又想开始一场自我的抒情:我最近对成长有了实质性的体验,以前成长这个词对我是虚无的、飘渺连云都不及。但突然有一天,我感觉到自己身体里一些东西的确切生长,没错是生长:枝干突破血和肉,在身体里蠕动、畅行,我感觉痒痒的、脑袋里的一部分东西被唤新了:认知(为人处事、探店需求、情感所抵达的真实自我)一些羞赫消失了、一些坦然和宽容。这些美妙的感觉和思考就这样诞生了,并且是不可逆的,在这个晕晕绕绕的夏天,我尝到许多甜头,我谨记着我每一年的生日愿望,不管是活成一本艺术绘本、还是只有几句话的小诗。在恍惚里,竟然都实现了,哪怕那些脆弱依旧,但坚强和韧劲都被巩固了。 我再次进入生命里的某个悠长假期。 随笔 在我成为艺术家之前 原创","亲爱的朋友,不要惧怕生命里的褶皱或是痛楚","亲爱的朋友,不要惧怕生命里的褶皱或是痛楚、这一切都会变成舒缓的云朵飘去,我们依旧有珍贵的一切。 . 我的太多文字的开篇都是我:我感觉、我觉得、我......有时候会猛地发现然后开始思考,是一种对于自我的过度依赖吗?我把自己想象地太神性,觉得自己可以依托一切,所以我总是我、我、我,我不知道这样是否是好的。 说着说着,又想开始一场自我的抒情:我最近对成长有了实质性的体验,以前成长这个词对我是虚无的、飘渺连云都不及。但突然有一天,我感觉到自己身体里一些东西的确切生长,没错是生长:枝干突破血和肉,在身体里蠕动、畅行,我感觉痒痒的、脑袋里的一部分东西被唤新了:认知(为人处事、探店需求、情感所抵达的真实自我)一些羞赫消失了、一些坦然和宽容。这些美妙的感觉和思考就这样诞生了,并且是不可逆的,在这个晕晕绕绕的夏天,我尝到许多甜头,我谨记着我每一年的生日愿望,不管是活成一本艺术绘本、还是只有几句话的小诗。在恍惚里,竟然都实现了,哪怕那些脆弱依旧,但坚强和韧劲都被巩固了。 我再次进入生命里的某个悠长假期。 随笔 在我成为艺术家之前 原创",465,情感故事,0,情感故事,成长感悟,0,63,2724,raw_real_texts3.csv
bb9967fb80f22248,"分享|汪曾祺笔下浪漫且治愈的金句

书摘[话题] 读书[话题] 美句摘抄[话题] 文学的浪漫[话题] 金句[话题] 打动人心的句子[话题] 分享好句[话题] 人间烟火文案[话题]",分享|汪曾祺笔下浪漫且治愈的金句,书摘[话题] 读书[话题] 美句摘抄[话题] 文学的浪漫[话题] 金句[话题] 打动人心的句子[话题] 分享好句[话题] 人间烟火文案[话题],89,情感故事,0,情感故事,治愈文案,0,16,2533,raw_real_texts2.csv
79e55b23f77ce3ba,"生命感 淡淡 文案

生命与自然[话题] 文案[话题] 温柔系治愈文案[话题] infj的世界[话题] 治愈文案[话题] 忧郁感[话题] 生命力[话题] 分享文案[话题] 文案分享[话题]",生命感 淡淡 文案,生命与自然[话题] 文案[话题] 温柔系治愈文案[话题] infj的世界[话题] 治愈文案[话题] 忧郁感[话题] 生命力[话题] 分享文案[话题] 文案分享[话题],94,情感故事,0,情感故事,治愈文案,0,7,2469,raw_real_texts2.csv
eb886b1a48d92f7f,"以完成我来完成夏天

大雨开在礼拜天 鲜花开在礼拜二 街上的人们 是乐观主义者 把路边的水洼 变成夕阳的胜地 列车逃出光线 蚂蚁搬家一样的夜晚 正在来临 诗歌 生活在诗中流淌 原创文字 我懂诗歌的浪漫 文字 人生流淌在诗歌里 夏天文案",以完成我来完成夏天,大雨开在礼拜天 鲜花开在礼拜二 街上的人们 是乐观主义者 把路边的水洼 变成夕阳的胜地 列车逃出光线 蚂蚁搬家一样的夜晚 正在来临 诗歌 生活在诗中流淌 原创文字 我懂诗歌的浪漫 文字 人生流淌在诗歌里 夏天文案,117,情感故事,0,情感故事,治愈文案,0,53,2465,raw_real_texts3.csv
d7429354686301d4,"低谷期救赎文案 | 支撑你走过暗淡时刻

. 当身体扛不住的时候 意志会带你杀出重围 . 你已经跌到谷底了 接下来的每一步都是上坡路 . 如果没有天赋 那就一直重复 . 摸摸心跳 那就是最好的证明 所有未能摧毁你的 正在秘密锻造你 . 疼吗?疼就对了 这说明你还在感觉、还在活着 还在通往救赎的路上 . 风雨扑打你的窗 不是要摧毁你 是为了洗净玻璃 让你看清自己多像钻石 . 救赎不是突然的拯救 而是每天把自己 从深渊里拉出五厘米 重复三千次 . 隧道尽头一定有光 即使你此刻看不见出口 再走十步,再走十步 光就在那里等你 . 你摔落的坑洼里 后来都成了救人的台阶 今日的伤疤 是明日为他人的撑伞 . 不要一直责怪 过去的自己 他曾经站在雾里 也很迷茫 . 低谷不是终点 而是你重新校准 自己的坐标 大地最黑暗时 星星最清晰可见 低谷期心态调整 治愈低谷时期的你 自我成长 低谷期 救赎 一句话陪我过难关 支撑你走了很久的一句话 分享 人生道理 一句话的力量 女性成长 励志文案 短句文案 暖心句子分享 分享好句 生活美学 女性智慧 此心安处 短句",低谷期救赎文案 | 支撑你走过暗淡时刻,". 当身体扛不住的时候 意志会带你杀出重围 . 你已经跌到谷底了 接下来的每一步都是上坡路 . 如果没有天赋 那就一直重复 . 摸摸心跳 那就是最好的证明 所有未能摧毁你的 正在秘密锻造你 . 疼吗?疼就对了 这说明你还在感觉、还在活着 还在通往救赎的路上 . 风雨扑打你的窗 不是要摧毁你 是为了洗净玻璃 让你看清自己多像钻石 . 救赎不是突然的拯救 而是每天把自己 从深渊里拉出五厘米 重复三千次 . 隧道尽头一定有光 即使你此刻看不见出口 再走十步,再走十步 光就在那里等你 . 你摔落的坑洼里 后来都成了救人的台阶 今日的伤疤 是明日为他人的撑伞 . 不要一直责怪 过去的自己 他曾经站在雾里 也很迷茫 . 低谷不是终点 而是你重新校准 自己的坐标 大地最黑暗时 星星最清晰可见 低谷期心态调整 治愈低谷时期的你 自我成长 低谷期 救赎 一句话陪我过难关 支撑你走了很久的一句话 分享 人生道理 一句话的力量 女性成长 励志文案 短句文案 暖心句子分享 分享好句 生活美学 女性智慧 此心安处 短句",474,情感故事,0,情感故事,治愈文案,0,36,2329,raw_real_texts.csv
c9d038e1ca557fc6,"“成长是偷走夏天的小偷”

我也以为夏天会慢慢变好的,树木会更葱郁,阳光会更干净,风声和雨声清晰又动听,直到岁月从我眼前奔走而过,年少时亲手设计构筑的夏天彻底崩塌,烟尘四起。我没有呜咽,没有嚎啕,也没有歇斯底里。直至此刻,我已经变得平静、柔顺,也终于确信:成长是偷走夏天的小偷,所有盛大的幻想终究是难以敌过时间和现实的刀刃。 时间从十八岁碾过、撕扯过,留下了很多细密的疼。夏天是闷热的、潮湿的,蝉鸣是吵嚷的,我停止了一切幻想,接受了夏天只是夏天的真相。 夏天,只是一个季节。 夏天 成长 遗憾",“成长是偷走夏天的小偷”,"我也以为夏天会慢慢变好的,树木会更葱郁,阳光会更干净,风声和雨声清晰又动听,直到岁月从我眼前奔走而过,年少时亲手设计构筑的夏天彻底崩塌,烟尘四起。我没有呜咽,没有嚎啕,也没有歇斯底里。直至此刻,我已经变得平静、柔顺,也终于确信:成长是偷走夏天的小偷,所有盛大的幻想终究是难以敌过时间和现实的刀刃。 时间从十八岁碾过、撕扯过,留下了很多细密的疼。夏天是闷热的、潮湿的,蝉鸣是吵嚷的,我停止了一切幻想,接受了夏天只是夏天的真相。 夏天,只是一个季节。 夏天 成长 遗憾",246,情感故事,0,情感故事,青春随笔,0,25,2315,raw_real_texts.csv
1a2e962e9b3d55d1,"当跳动的生命向自然缓缓靠近时

我喜欢阳光洒在身上那种被温暖包裹的感觉。 与此关联的场景通常都很明媚,太阳光会把自己的温度慢慢传达给我,路径是从各处感官遨游过后抵达心,然后心把这种温暖反射给心情,于是整个人就变得明亮了。 被人理解或拥抱也会产生这种感觉。 彼此颅内共振的时候,会被庞大的能量场稳稳地托举起来,这种幸福的程度不亚于一觉醒来长出翅膀,然后飞向窗外被太阳晒透,自由欢乐的心绪咕噜咕噜冒着泡,这份快乐被阳光照射后会是彩色的。 还有大海一起一伏的波浪被照耀时的景象,也能抚平生命黯淡的褶皱,浸透又风干生命原本携带的各种杂质,交还给我们一个透亮平和的自己。 如果天色渐晚,就会有月光渗透我的眼睛。 漆黑的夜空中有一轮时而皎洁的月亮是很能让人安静下来的,望着它就像产生了某种羁绊,就算不说话也感觉它能体会到我们的感情,丝丝缕缕都能产生微小的共鸣。 这些陪伴都是属于大自然的元素带来的,而生命向它们缓缓靠近时,竟然会产生那么多生动又鲜活的画面,可能时光就是这些美好场景的记事簿。 人们的记事簿里,真的很需要这种回忆性的画面。 之前写过“生命是交织的片刻”。 今天想写:幸福是一个个让人感到温暖或平静的瞬间。 原创文字 随笔 禁止抄袭 INFJ TwilightZone closetoTwilightZone",当跳动的生命向自然缓缓靠近时,"我喜欢阳光洒在身上那种被温暖包裹的感觉。 与此关联的场景通常都很明媚,太阳光会把自己的温度慢慢传达给我,路径是从各处感官遨游过后抵达心,然后心把这种温暖反射给心情,于是整个人就变得明亮了。 被人理解或拥抱也会产生这种感觉。 彼此颅内共振的时候,会被庞大的能量场稳稳地托举起来,这种幸福的程度不亚于一觉醒来长出翅膀,然后飞向窗外被太阳晒透,自由欢乐的心绪咕噜咕噜冒着泡,这份快乐被阳光照射后会是彩色的。 还有大海一起一伏的波浪被照耀时的景象,也能抚平生命黯淡的褶皱,浸透又风干生命原本携带的各种杂质,交还给我们一个透亮平和的自己。 如果天色渐晚,就会有月光渗透我的眼睛。 漆黑的夜空中有一轮时而皎洁的月亮是很能让人安静下来的,望着它就像产生了某种羁绊,就算不说话也感觉它能体会到我们的感情,丝丝缕缕都能产生微小的共鸣。 这些陪伴都是属于大自然的元素带来的,而生命向它们缓缓靠近时,竟然会产生那么多生动又鲜活的画面,可能时光就是这些美好场景的记事簿。 人们的记事簿里,真的很需要这种回忆性的画面。 之前写过“生命是交织的片刻”。 今天想写:幸福是一个个让人感到温暖或平静的瞬间。 原创文字 随笔 禁止抄袭 INFJ TwilightZone closetoTwilightZone",554,情感故事,0,情感故事,治愈文案,0,42,2294,raw_real_texts3.csv
7f3761b4e2d8dd48,"世事多艰,我们应该拥有散漫的一天

太长时间,我们总是聚焦在各时各处,无法满足,想要一天什么都不管不顾,我们变成风声,树叶,无法被捕捉和定住,我们散漫,轻浮,疯癫,叽里咕噜,哪怕世事多艰,我们要有自己的一天,把它抱在怀里啊,像书页紧贴着封面,不要管他们了,反正还有明天","世事多艰,我们应该拥有散漫的一天","太长时间,我们总是聚焦在各时各处,无法满足,想要一天什么都不管不顾,我们变成风声,树叶,无法被捕捉和定住,我们散漫,轻浮,疯癫,叽里咕噜,哪怕世事多艰,我们要有自己的一天,把它抱在怀里啊,像书页紧贴着封面,不要管他们了,反正还有明天",134,情感故事,0,情感故事,治愈文案,0,58,2263,raw_real_texts3.csv
39f65c1403fac374,"你的蹉跎曾经保护了你

文字的力量[话题] 感情[话题] 治愈[话题] 小小的勇气[话题] 请相信自己[话题] 脆弱也是可以的[话题] 文案分享[话题]",你的蹉跎曾经保护了你,文字的力量[话题] 感情[话题] 治愈[话题] 小小的勇气[话题] 请相信自己[话题] 脆弱也是可以的[话题] 文案分享[话题],76,情感故事,0,情感故事,治愈文案,0,10,2070,raw_real_texts2.csv
7214b77583c4c1e6,"“人生是一场巨大的后知后觉”

其实那次,和她的蕞后一面,我是没想到的。分别的时候,她站在车站的台阶前,还同我道:“不要不记得我,不管以后见不见得了,你都要开心。” 那时我笑着说:“怎么可能!”可时光过境,她的声音越来越逼真地盘旋在心底,这是我后知后觉才听见的诺言,以及那个少女模糊的回响。 这样的告别在每个夜晚都更清晰,潜入旧梦,潜入雨夜。过去的声音像一台老旧的收音机,断断续续地播着回忆。只不过,等到信号清晰时,那些当时觉得微不足道的瞬间,早已成了刺痛心尖的遗憾。 原来我们就是青春 治愈 成长 情感 原创随笔 约稿展示 命运的子弹正中眉心 校园 人总是要长大 文字",“人生是一场巨大的后知后觉”,"其实那次,和她的蕞后一面,我是没想到的。分别的时候,她站在车站的台阶前,还同我道:“不要不记得我,不管以后见不见得了,你都要开心。” 那时我笑着说:“怎么可能!”可时光过境,她的声音越来越逼真地盘旋在心底,这是我后知后觉才听见的诺言,以及那个少女模糊的回响。 这样的告别在每个夜晚都更清晰,潜入旧梦,潜入雨夜。过去的声音像一台老旧的收音机,断断续续地播着回忆。只不过,等到信号清晰时,那些当时觉得微不足道的瞬间,早已成了刺痛心尖的遗憾。 原来我们就是青春 治愈 成长 情感 原创随笔 约稿展示 命运的子弹正中眉心 校园 人总是要长大 文字",285,情感故事,0,情感故事,青春随笔,0,8,2052,raw_real_texts.csv
66bffe839a18e88d,"然夏天仍是夏天

青春十纪的故事似乎总聚焦于具体的夏天,朦胧又清晰。夏天是自由蓬勃,像被人抱着转圈一样热烈,生命力疯长。夏天是漫出泡沫的啤酒,是吹来满足的海风,是散步偶遇的浪漫,当然耳机里还得放着summertime的live版。 我浸泡在初夏,却对将至的热夏没有半点期待。我对夏天最真实的记忆是无尽的雨季,深蓝色气旋压得人喘不过气来。柏油马路的沥青味,潮湿的霉味,阴沟反臭,人海中的肉夹气,恐怕五点早起的小鸟闻了都想吐,蚊子闻了都吸不动血。或许因为在深冬出生,夏天总让我感到烦闷,粘稠,难以扎根。流不完的汗与泪,意识被烈阳晒成空白,想法在炽热中收窄。我像闯入家中的蜜蜂,一次次撞在生硬的玻璃上,窗户似铁丝网般将我包围。而且似乎夏天一过我就得长大,然而夏天难以走出,死结未解,新生未临,在一双双眼睛下,艰涩又尴尬。 三岛说,“夏天”这个词本身就使人联想到“死”和“糜烂”。晚夏明丽的霞光,也含着糜烂的火红。我只奢求在这样的季节能活得流利一点,能躲在凌霄花后,永远“不要被命运找到”。 文字 感想 热门 夏天 讨厌夏天",然夏天仍是夏天,"青春十纪的故事似乎总聚焦于具体的夏天,朦胧又清晰。夏天是自由蓬勃,像被人抱着转圈一样热烈,生命力疯长。夏天是漫出泡沫的啤酒,是吹来满足的海风,是散步偶遇的浪漫,当然耳机里还得放着summertime的live版。 我浸泡在初夏,却对将至的热夏没有半点期待。我对夏天最真实的记忆是无尽的雨季,深蓝色气旋压得人喘不过气来。柏油马路的沥青味,潮湿的霉味,阴沟反臭,人海中的肉夹气,恐怕五点早起的小鸟闻了都想吐,蚊子闻了都吸不动血。或许因为在深冬出生,夏天总让我感到烦闷,粘稠,难以扎根。流不完的汗与泪,意识被烈阳晒成空白,想法在炽热中收窄。我像闯入家中的蜜蜂,一次次撞在生硬的玻璃上,窗户似铁丝网般将我包围。而且似乎夏天一过我就得长大,然而夏天难以走出,死结未解,新生未临,在一双双眼睛下,艰涩又尴尬。 三岛说,“夏天”这个词本身就使人联想到“死”和“糜烂”。晚夏明丽的霞光,也含着糜烂的火红。我只奢求在这样的季节能活得流利一点,能躲在凌霄花后,永远“不要被命运找到”。 文字 感想 热门 夏天 讨厌夏天",458,情感故事,0,情感故事,青春随笔,0,11,1949,raw_real_texts.csv
5473728af53e1f76,"‧+ ̊柔软细腻の全肯定文案

៷>ᴗ<៷谢谢饱饱们的点赞收藏 爱你们 1.眼泪和坚持一样伟大 2.可以脆弱 可以是不完美的 3.你在的话 下雨也是一种好天气 4.如果有人否定你 那我加倍肯定你 5.你的心是一团棉花 你落泪它就会变得湿重窒息 你要多笑一笑 像晴天把它晒蓬松 6.我看见你 我相信你 我理解你 我支持你 我爱你 7.你就是一个很好很好的人啊 遇见你我真的很幸福 8.你是全世界最棒的小孩 我希望你如明媚的骄阳 散发着自信与光芒 不要像阴天里没晒好的小被子 潮湿而沉闷 9.允许自己熬夜 允许自己把衣服在椅子上堆成小山 允许自己连续听一首歌五十遍 允许自己原谅一个人之后又倒戈 允许一直想念 允许没有交集 允许一切发生 10.你偏爱自由那就祝你远走高飞 你想要风光无限那就祝你得偿所愿 倘若你想两全其美 我也觉得没有问题 你本就该如此圆满 11.生命没有那么多意义 祝你生动 祝你有1万次闪耀和哭泣 祝你是你 12.不和任何人比较 永远站在自己这边 下定决心做一个幸福主义者 文案素材分享[话题] 今日份文案分享[话题] 温柔系治愈文案[话题] 温柔小众文案[话题] 小众高级文案[话题]",‧+ ̊柔软细腻の全肯定文案,៷>ᴗ<៷谢谢饱饱们的点赞收藏 爱你们 1.眼泪和坚持一样伟大 2.可以脆弱 可以是不完美的 3.你在的话 下雨也是一种好天气 4.如果有人否定你 那我加倍肯定你 5.你的心是一团棉花 你落泪它就会变得湿重窒息 你要多笑一笑 像晴天把它晒蓬松 6.我看见你 我相信你 我理解你 我支持你 我爱你 7.你就是一个很好很好的人啊 遇见你我真的很幸福 8.你是全世界最棒的小孩 我希望你如明媚的骄阳 散发着自信与光芒 不要像阴天里没晒好的小被子 潮湿而沉闷 9.允许自己熬夜 允许自己把衣服在椅子上堆成小山 允许自己连续听一首歌五十遍 允许自己原谅一个人之后又倒戈 允许一直想念 允许没有交集 允许一切发生 10.你偏爱自由那就祝你远走高飞 你想要风光无限那就祝你得偿所愿 倘若你想两全其美 我也觉得没有问题 你本就该如此圆满 11.生命没有那么多意义 祝你生动 祝你有1万次闪耀和哭泣 祝你是你 12.不和任何人比较 永远站在自己这边 下定决心做一个幸福主义者 文案素材分享[话题] 今日份文案分享[话题] 温柔系治愈文案[话题] 温柔小众文案[话题] 小众高级文案[话题],501,情感故事,0,情感故事,治愈文案,0,12,1888,raw_real_texts2.csv
3916f325380baff6,"自存一些痛痛的忧郁文案

高质量文案[话题] 分享文案[话题] 文案馆[话题] 文案分享[话题] 短句[话题] 短句文案[话题] 伤痛文案[话题] 高级文案[话题] 文案[话题] 无法释怀的痛[话题]",自存一些痛痛的忧郁文案,高质量文案[话题] 分享文案[话题] 文案馆[话题] 文案分享[话题] 短句[话题] 短句文案[话题] 伤痛文案[话题] 高级文案[话题] 文案[话题] 无法释怀的痛[话题],100,情感故事,0,情感故事,失恋文案,1,1,1772,raw_real_texts2.csv
fc3d08464128329d,"文学×三毛|雨季过了,雨季将不再来

总有一日, 我要在一个充满阳光的早晨醒来, 那时我要躺在床上, 静静地听听窗外如洗的鸟声, 那是多么安适而又快乐的一种苏醒。 到时候,我早晨起来,对着镜子, 我会再度看见阳光驻留在我的脸上, 我会一遍遍地告诉自己, 雨季过了,雨季将不再来。 我会觉得,在那一日早晨, 当我出门的时候, 我会穿着那全双清洁干燥的黄球鞋, 踏上一条充满日光的大道, 那时候,我会说,看这阳光,雨季将不再来。 /三毛《雨季不再来》 - 予里山人 文学 三毛 雨季不再来 散文诗世界 摘抄 读书笔记 我会被文字打动","文学×三毛|雨季过了,雨季将不再来","总有一日, 我要在一个充满阳光的早晨醒来, 那时我要躺在床上, 静静地听听窗外如洗的鸟声, 那是多么安适而又快乐的一种苏醒。 到时候,我早晨起来,对着镜子, 我会再度看见阳光驻留在我的脸上, 我会一遍遍地告诉自己, 雨季过了,雨季将不再来。 我会觉得,在那一日早晨, 当我出门的时候, 我会穿着那全双清洁干燥的黄球鞋, 踏上一条充满日光的大道, 那时候,我会说,看这阳光,雨季将不再来。 /三毛《雨季不再来》 - 予里山人 文学 三毛 雨季不再来 散文诗世界 摘抄 读书笔记 我会被文字打动",264,情感故事,0,情感故事,治愈文案,0,43,1745,raw_real_texts3.csv
f5708f37cdb43a62,"年少不可得之物,终将困其一生

至死是少年[话题] 人生遗憾是常态[话题] 人无再少年[话题] 遗憾是人生常态[话题] 年轻这个借口还能用多久[话题] 那些来不及弥补的遗憾[话题] 少年不知愁滋味[话题] 遗憾才是常态[话题] 遗憾的青春[话题] 我们终究是错过[话题]","年少不可得之物,终将困其一生",至死是少年[话题] 人生遗憾是常态[话题] 人无再少年[话题] 遗憾是人生常态[话题] 年轻这个借口还能用多久[话题] 那些来不及弥补的遗憾[话题] 少年不知愁滋味[话题] 遗憾才是常态[话题] 遗憾的青春[话题] 我们终究是错过[话题],135,情感故事,0,情感故事,青春随笔,0,2,1705,raw_real_texts2.csv
f003342fb80d0f45,"文字治愈|我永远不要失去发芽的心情

无论如何我始终坚信“生活是一颗种子” 哪怕走在满是碎石的路上,鞋底磨出薄茧 也能在缝隙里看见一点土,悄悄攒着劲儿 哪怕遭遇突如其来的霜雪,把枝叶冻得发僵,也会在根须里留着暖意,等阳光漫过枝头时,再慢慢舒展新绿... 这份心情,不是总盼着立刻开花结果,而是愿意等 等一场雨润透心田,等一阵风送来方向,哪怕只是冒出小小的芽尖,也满心欢喜。日子难免有灰暗,可只要还带着发芽的期待,就不会被困境困住,总能在平凡里,种出属于自己的生机! 如果这些都太难了那就吃好睡好好好... 永远不要失去发芽的心情 原来文字真的可以共情 很治愈我的话 文字即心情 文字治愈我 永远相信文字的力量 文字的力量 治愈自己 治愈的文字 不开心也没关系",文字治愈|我永远不要失去发芽的心情,"无论如何我始终坚信“生活是一颗种子” 哪怕走在满是碎石的路上,鞋底磨出薄茧 也能在缝隙里看见一点土,悄悄攒着劲儿 哪怕遭遇突如其来的霜雪,把枝叶冻得发僵,也会在根须里留着暖意,等阳光漫过枝头时,再慢慢舒展新绿... 这份心情,不是总盼着立刻开花结果,而是愿意等 等一场雨润透心田,等一阵风送来方向,哪怕只是冒出小小的芽尖,也满心欢喜。日子难免有灰暗,可只要还带着发芽的期待,就不会被困境困住,总能在平凡里,种出属于自己的生机! 如果这些都太难了那就吃好睡好好好... 永远不要失去发芽的心情 原来文字真的可以共情 很治愈我的话 文字即心情 文字治愈我 永远相信文字的力量 文字的力量 治愈自己 治愈的文字 不开心也没关系",329,情感故事,0,情感故事,治愈文案,0,50,1574,raw_real_texts3.csv
029d32cbc776c7d1,"被村上春树这句话击中

我在切身感受那一团薄雾样的东西的朝朝暮暮 送走了十八岁的春天 同时努力使自己避免陷入深刻 我隐约感觉到 深刻未必是接近真实的同义词 /村上春树《挪威的森林》 村上春树说“深刻未必是接近真实的同义词”,我们总是习惯性地追求深刻,以为那是成长的必经之路,却忽略了真实的感受往往藏在平凡的日常里。大家应该都有相似感受,欢迎在评论区分享~ 摘抄[话题] 手写摘抄[话题] 挪威的森林[话题] 村上春树[话题] 读书摘抄[话题] 深度思考[话题] 青春感悟[话题] 文字的力量[话题] 文字摘录[话题] 手写背景图[话题]",被村上春树这句话击中,"我在切身感受那一团薄雾样的东西的朝朝暮暮 送走了十八岁的春天 同时努力使自己避免陷入深刻 我隐约感觉到 深刻未必是接近真实的同义词 /村上春树《挪威的森林》 村上春树说“深刻未必是接近真实的同义词”,我们总是习惯性地追求深刻,以为那是成长的必经之路,却忽略了真实的感受往往藏在平凡的日常里。大家应该都有相似感受,欢迎在评论区分享~ 摘抄[话题] 手写摘抄[话题] 挪威的森林[话题] 村上春树[话题] 读书摘抄[话题] 深度思考[话题] 青春感悟[话题] 文字的力量[话题] 文字摘录[话题] 手写背景图[话题]",268,情感故事,0,情感故事,青春随笔,0,3,1543,raw_real_texts2.csv
2911e9f6bce72663,"每日文摘|那些被夏天吻过的句子 ️

夏季与我们的生命曾是同一种质地。 ——勒内·夏尔《愤怒与神秘》 未来像盛夏的大雨,在我们还不及撑开伞时就扑面而来。 ——刘慈欣《三体》 我是否可以把你比喻成夏天?虽然你比夏天更可爱更温和。 ——威廉·莎士比亚《十四行诗》 在六月初,草木的世界骤然迸发,每一个日落都独一无二。 ——约翰·斯坦贝克《我们不满的冬天》 短暂夏夜烧化了,绿谷中升起湿气,千百树木的汁液在沸腾。 ——赫尔曼·黑塞《克林索尔的最后夏天》 不但春妍夏亦佳,随缘花草是生涯。 ——杨万里《夏日绝句》 我只需咬开一颗草莓的紧实,就能看见夏天——它的尘埃与低垂的天空。 ——托妮·莫里森《最蓝的眼睛》 生活在诗中流淌 每日文摘 小红书年度诗篇 句子控 属于夏天的诗 浪漫生活的记录者 每日书摘 素材 惊艳到你的句子 分享好句",每日文摘|那些被夏天吻过的句子 ️,"夏季与我们的生命曾是同一种质地。 ——勒内·夏尔《愤怒与神秘》 未来像盛夏的大雨,在我们还不及撑开伞时就扑面而来。 ——刘慈欣《三体》 我是否可以把你比喻成夏天?虽然你比夏天更可爱更温和。 ——威廉·莎士比亚《十四行诗》 在六月初,草木的世界骤然迸发,每一个日落都独一无二。 ——约翰·斯坦贝克《我们不满的冬天》 短暂夏夜烧化了,绿谷中升起湿气,千百树木的汁液在沸腾。 ——赫尔曼·黑塞《克林索尔的最后夏天》 不但春妍夏亦佳,随缘花草是生涯。 ——杨万里《夏日绝句》 我只需咬开一颗草莓的紧实,就能看见夏天——它的尘埃与低垂的天空。 ——托妮·莫里森《最蓝的眼睛》 生活在诗中流淌 每日文摘 小红书年度诗篇 句子控 属于夏天的诗 浪漫生活的记录者 每日书摘 素材 惊艳到你的句子 分享好句",363,情感故事,0,情感故事,治愈文案,0,38,1442,raw_real_texts.csv
ef5faf85230e988c,"一些幸福的meme

我喜欢淡淡的生活 淡淡的情绪 淡淡的心情和简略的语言 就像雨滴落在地面没有任何痕迹 我喜欢这样平静的生活 淡淡的就会减少很多的痛苦 淡淡的就顺顺的 韩语meme 幸福 幸运 分享图片 淡淡的幸福",一些幸福的meme,我喜欢淡淡的生活 淡淡的情绪 淡淡的心情和简略的语言 就像雨滴落在地面没有任何痕迹 我喜欢这样平静的生活 淡淡的就会减少很多的痛苦 淡淡的就顺顺的 韩语meme 幸福 幸运 分享图片 淡淡的幸福,108,情感故事,0,情感故事,治愈文案,0,38,1387,raw_real_texts.csv
a8f960a6f75a4b81,"鼠鼠我呀 也是双向辜负了

这回是真放下了 跟之前二十次一样 得不到的就放弃吧[话题] 再忍忍就过去了[话题] 终究还是错付了[话题] 负鼠表情包[话题] 鼠鼠我呀[话题] 鼠鼠我啊死到临头[话题]",鼠鼠我呀 也是双向辜负了,这回是真放下了 跟之前二十次一样 得不到的就放弃吧[话题] 再忍忍就过去了[话题] 终究还是错付了[话题] 负鼠表情包[话题] 鼠鼠我呀[话题] 鼠鼠我啊死到临头[话题],99,情感故事,0,情感故事,失恋文案,1,6,1342,raw_real_texts2.csv
848233a0f64191af,"“天呐,好喜欢这段话”

要永远年轻,永远热情,永远不会听话,要大笑,要做梦,要与众不同,人生是一场伟大的冒险。 一个人可以想去哪里就去哪里,喜欢什么就吃什么,你的身心将重获自由, 你的时间和空间也都可以由你尽情支配, 你的幸福感会喷涌而出。 爱情是你自己的品质,是你自己的心魂,是你自己的处境,与别人无关。爱情不是一个名词,而是动词,永远的动词,无穷动。 我爱这悠长的旅途,可以从容地想你。 分享好句 文字也有力量 好句分享 永远会被这段文字打动 文字语录 永远被文字打动的 句子分享 被文字治愈 好句 文字","“天呐,好喜欢这段话”","要永远年轻,永远热情,永远不会听话,要大笑,要做梦,要与众不同,人生是一场伟大的冒险。 一个人可以想去哪里就去哪里,喜欢什么就吃什么,你的身心将重获自由, 你的时间和空间也都可以由你尽情支配, 你的幸福感会喷涌而出。 爱情是你自己的品质,是你自己的心魂,是你自己的处境,与别人无关。爱情不是一个名词,而是动词,永远的动词,无穷动。 我爱这悠长的旅途,可以从容地想你。 分享好句 文字也有力量 好句分享 永远会被这段文字打动 文字语录 永远被文字打动的 句子分享 被文字治愈 好句 文字",255,情感故事,0,情感故事,治愈文案,0,34,1327,raw_real_texts.csv
5cca4085e8eb0b5b,"“与我在世界的角落渺小又清晰地共振”

二十岁,洋流与季风会将我们的二十岁吹彻至哪座城市。你在晚自习课间曾与我提起的明亮未来,我们抵达了吗。还有那时曾以为不可逾越的重山万壑,时过境迁后再回看,我们会不会喟叹自己当下的热烈与勇敢。而如果那时也是一个雨汽未歇的秋夜,落叶还未纷飞不绝,我们坐在长椅上共同拆阅这封信,在你看到这里的时候,我会重新与你提起关于爱、自由、恳切,和你说其实永远并不遥远,它的起始日期是许多年前的这个夏天。 原创 随笔 情感文案 祝福文案 青春 浪漫生活的记录者 夏天 约稿展示请勿使用 infj infp",“与我在世界的角落渺小又清晰地共振”,"二十岁,洋流与季风会将我们的二十岁吹彻至哪座城市。你在晚自习课间曾与我提起的明亮未来,我们抵达了吗。还有那时曾以为不可逾越的重山万壑,时过境迁后再回看,我们会不会喟叹自己当下的热烈与勇敢。而如果那时也是一个雨汽未歇的秋夜,落叶还未纷飞不绝,我们坐在长椅上共同拆阅这封信,在你看到这里的时候,我会重新与你提起关于爱、自由、恳切,和你说其实永远并不遥远,它的起始日期是许多年前的这个夏天。 原创 随笔 情感文案 祝福文案 青春 浪漫生活的记录者 夏天 约稿展示请勿使用 infj infp",262,情感故事,0,情感故事,青春随笔,0,4,1202,raw_real_texts.csv
b0b1185f6207bf59,"‧+ ̊柔软细腻の全肯定文案

៷>ᴗ<៷谢谢饱饱们的点赞收藏 爱你们 1.眼泪和坚持一样伟大 2.可以脆弱 可以是不完美的 3.你在的话 下雨也是一种好天气 4.如果有人否定你 那我加倍肯定你 5.你的心是一团棉花 你落泪它就会变得湿重窒息 你要多笑一笑 像晴天把它晒蓬松 6.我看见你 我相信你 我理解你 我支持你 我爱你 7.你就是一个很好很好的人啊 遇见你我真的很幸福 8.你是全世界最棒的小孩 我希望你如明媚的骄阳 散发着自信与光芒 不要像阴天里没晒好的小被子 潮湿而沉闷 9.允许自己熬夜 允许自己把衣服在椅子上堆成小山 允许自己连续听一首歌五十遍 允许自己原谅一个人之后又倒戈 允许一直想念 允许没有交集 允许一切发生 10.你偏爱自由那就祝你远走高飞 你想要风光无限那就祝你得偿所愿 倘若你想两全其美 我也觉得没有问题 你本就该如此圆满 11.生命没有那么多意义 祝你生动 祝你有1万次闪耀和哭泣 祝你是你 12.不和任何人比较 永远站在自己这边 下定决心做一个幸福主义者 文案素材分享 今日份文案分享 温柔系治愈文案 温柔小众文案 小众高级文案",‧+ ̊柔软细腻の全肯定文案,៷>ᴗ<៷谢谢饱饱们的点赞收藏 爱你们 1.眼泪和坚持一样伟大 2.可以脆弱 可以是不完美的 3.你在的话 下雨也是一种好天气 4.如果有人否定你 那我加倍肯定你 5.你的心是一团棉花 你落泪它就会变得湿重窒息 你要多笑一笑 像晴天把它晒蓬松 6.我看见你 我相信你 我理解你 我支持你 我爱你 7.你就是一个很好很好的人啊 遇见你我真的很幸福 8.你是全世界最棒的小孩 我希望你如明媚的骄阳 散发着自信与光芒 不要像阴天里没晒好的小被子 潮湿而沉闷 9.允许自己熬夜 允许自己把衣服在椅子上堆成小山 允许自己连续听一首歌五十遍 允许自己原谅一个人之后又倒戈 允许一直想念 允许没有交集 允许一切发生 10.你偏爱自由那就祝你远走高飞 你想要风光无限那就祝你得偿所愿 倘若你想两全其美 我也觉得没有问题 你本就该如此圆满 11.生命没有那么多意义 祝你生动 祝你有1万次闪耀和哭泣 祝你是你 12.不和任何人比较 永远站在自己这边 下定决心做一个幸福主义者 文案素材分享 今日份文案分享 温柔系治愈文案 温柔小众文案 小众高级文案,481,情感故事,0,情感故事,治愈文案,0,36,1128,raw_real_texts.csv
32d87be1ff356573,"加缪笔下清醒治愈的阳光哲学

加缪的哲思,如冬日的阳光,温暖治愈,又不失锋芒。 1. 对未来的真正慷慨,是把一切都献给现在。——《鼠疫》 2. 在寒冬,我学会了这个真理:当无力改变风向,就调整帆的角度。 ——《瑞典演讲》草稿 3. 爱不是寻找完美的人,而是学会用完整的眼光看有缺陷的人。 ——《堕落》 4.我并不期待人生可以过得很顺利,但我希望碰到人生难关的时候,自己可以是它的对手。——《加缪手记》 5.爱是没有界限的,如果我能拥抱一切,那拥抱得笨拙一点又有什么关系。——《置身于阳光与苦难之间》 6.真正的救赎,并不是厮杀后的胜利,而是能在苦难之中找到生的力量和心的安宁。——《加缪语录》 7.一个伟大的行动和思想,都有一个微不足道的开始。——《西西弗神话》 8.真正的坚韧不是不曾跌倒,而是在严寒中依然能唤醒内心的夏天。——《夏天集》 9.所谓清醒,就是亲手砸碎他人为你定制的生存剧本。——《局外人》 我是耕霖,很荣幸隔着屏幕认识远方的朋友。你被哪一句给治愈了呢?评论区来告诉我~ 读书摘抄 经典文学名著 美句摘抄 我被文字打动句子 自我成长 自我提升 自我认知 治愈 治愈自己 经典语录",加缪笔下清醒治愈的阳光哲学,"加缪的哲思,如冬日的阳光,温暖治愈,又不失锋芒。 1. 对未来的真正慷慨,是把一切都献给现在。——《鼠疫》 2. 在寒冬,我学会了这个真理:当无力改变风向,就调整帆的角度。 ——《瑞典演讲》草稿 3. 爱不是寻找完美的人,而是学会用完整的眼光看有缺陷的人。 ——《堕落》 4.我并不期待人生可以过得很顺利,但我希望碰到人生难关的时候,自己可以是它的对手。——《加缪手记》 5.爱是没有界限的,如果我能拥抱一切,那拥抱得笨拙一点又有什么关系。——《置身于阳光与苦难之间》 6.真正的救赎,并不是厮杀后的胜利,而是能在苦难之中找到生的力量和心的安宁。——《加缪语录》 7.一个伟大的行动和思想,都有一个微不足道的开始。——《西西弗神话》 8.真正的坚韧不是不曾跌倒,而是在严寒中依然能唤醒内心的夏天。——《夏天集》 9.所谓清醒,就是亲手砸碎他人为你定制的生存剧本。——《局外人》 我是耕霖,很荣幸隔着屏幕认识远方的朋友。你被哪一句给治愈了呢?评论区来告诉我~ 读书摘抄 经典文学名著 美句摘抄 我被文字打动句子 自我成长 自我提升 自我认知 治愈 治愈自己 经典语录",497,情感故事,0,情感故事,治愈文案,0,35,1110,raw_real_texts.csv
3d973bbb439a995b,"“趁夏日未完结 趁我们还深信不疑明天”

像行过雨水满溢的节气却只持一柄单薄旧伞,过往的刻痕遗留下湿漉漉的脉络,拂不尽的水汽如同年复一年困住我的嶙峋山峦。 我依旧被反复困在那座山。 原创 随笔 情感 文案 文字的力量 青春 遗憾 毕业 浪漫生活的记录者 infj",“趁夏日未完结 趁我们还深信不疑明天”,"像行过雨水满溢的节气却只持一柄单薄旧伞,过往的刻痕遗留下湿漉漉的脉络,拂不尽的水汽如同年复一年困住我的嶙峋山峦。 我依旧被反复困在那座山。 原创 随笔 情感 文案 文字的力量 青春 遗憾 毕业 浪漫生活的记录者 infj",131,情感故事,0,情感故事,青春随笔,0,19,1095,raw_real_texts.csv
6e4a78da1ab60108,"所有夏天在此剥落 粗砺不平是我们

十七岁那天只是躺在天台,看头顶天空像泳池一样干净透亮,日光和波浪都是偶然的明亮。云很淡很淡地游过来,校服短袖在风里慢慢轻盈、胀满,浪费着淤青也浪费着不安。所有夏天在此剥落,摔开苔印和飞不过的时间,粗砺不平是我们。 棠衍[话题] 我被文字打动[话题] 原创文字[话题] 原创随笔[话题] 人生流淌在诗歌里[话题] 夏天[话题] 十七岁[话题] 十八岁时候写的(><)",所有夏天在此剥落 粗砺不平是我们,"十七岁那天只是躺在天台,看头顶天空像泳池一样干净透亮,日光和波浪都是偶然的明亮。云很淡很淡地游过来,校服短袖在风里慢慢轻盈、胀满,浪费着淤青也浪费着不安。所有夏天在此剥落,摔开苔印和飞不过的时间,粗砺不平是我们。 棠衍[话题] 我被文字打动[话题] 原创文字[话题] 原创随笔[话题] 人生流淌在诗歌里[话题] 夏天[话题] 十七岁[话题] 十八岁时候写的(><)",200,情感故事,0,情感故事,青春随笔,0,5,1005,raw_real_texts2.csv
ce96acaed45abe54,"走进明亮且永恒的夏天

亲爱的朋友 人生不乏可爱且美妙的日子 希望你顺利到达要去的地方 到了以后幸福美满 随笔 原创 成为更好的自己 做自己 浪漫生活的记录者 人到底能感受多少回夏天 所有美好都发生在夏天 做自己 黎时希 人生是旷野",走进明亮且永恒的夏天,亲爱的朋友 人生不乏可爱且美妙的日子 希望你顺利到达要去的地方 到了以后幸福美满 随笔 原创 成为更好的自己 做自己 浪漫生活的记录者 人到底能感受多少回夏天 所有美好都发生在夏天 做自己 黎时希 人生是旷野,116,情感故事,0,情感故事,青春随笔,0,20,854,raw_real_texts.csv
d95631da6517b1d1,"文字治愈|我要内心自洽且知足

“完美是幸福的敌人” 其实是做不到时时刻刻情绪稳定的 面对一些情况我总是会崩溃 我讨厌别人突如其来的忽冷忽热讨厌自己的直来直去 讨厌自己一直被圈在一个地方 我希望自己更自洽一点更多在意自己一点 要知道很多人都不比早上来的第一杯温水重要 美好分享我会被文字打动 原来文字真的可以共情 文字是有力量的 治愈的文字 文字的力量 文字治愈我 治愈文字 自洽而内求 自我肯定和欣赏 文字带来的力量",文字治愈|我要内心自洽且知足,“完美是幸福的敌人” 其实是做不到时时刻刻情绪稳定的 面对一些情况我总是会崩溃 我讨厌别人突如其来的忽冷忽热讨厌自己的直来直去 讨厌自己一直被圈在一个地方 我希望自己更自洽一点更多在意自己一点 要知道很多人都不比早上来的第一杯温水重要 美好分享我会被文字打动 原来文字真的可以共情 文字是有力量的 治愈的文字 文字的力量 文字治愈我 治愈文字 自洽而内求 自我肯定和欣赏 文字带来的力量,209,情感故事,0,情感故事,治愈文案,0,49,801,raw_real_texts3.csv
91b8c0e11054f9f8,"韩国文学温馨疗愈的句子...

首尔青坡洞有一家叫Always的便利店,它always商品短缺、always人手不足,被街坊邻居吐槽是“蕞不便利的便利店” 可就是这样一家“不便”的小店,却成了无数失意者的落脚地: 失忆流浪汉独孤,从流落街头到成为夜班店员,笨拙却真诚,用一碗热饭团、一杯玉米须茶,悄悄接住每个崩溃的人; 毕业即失业、焦虑到神经衰弱的“首漂”,在便利店的烟火气里,慢慢找回前行的勇气; 生意濒临倒闭、却固执不肯做外卖的烤肉店老板,在几句唠叨的开导中,解开了心结; 叛逆又孤独的高中生,在这里找到了逃离压抑家庭的小小角落,重拾对生活的热爱... 作者金浩然的笔触很细腻,喜欢看《请回答1988》或者《深夜食堂》的小宝们,建议你们去看这本《不便的便利店》!! ps:每次看到美食描写的时候我特别希望自己旁边有一份炸鸡 ...书摘图片我放在下面! infp 书摘 金句 文学 韩国文学 治愈 情感共鸣 阅读马拉松 惊艳到你的句子 我会被文字打动",韩国文学温馨疗愈的句子...,"首尔青坡洞有一家叫Always的便利店,它always商品短缺、always人手不足,被街坊邻居吐槽是“蕞不便利的便利店” 可就是这样一家“不便”的小店,却成了无数失意者的落脚地: 失忆流浪汉独孤,从流落街头到成为夜班店员,笨拙却真诚,用一碗热饭团、一杯玉米须茶,悄悄接住每个崩溃的人; 毕业即失业、焦虑到神经衰弱的“首漂”,在便利店的烟火气里,慢慢找回前行的勇气; 生意濒临倒闭、却固执不肯做外卖的烤肉店老板,在几句唠叨的开导中,解开了心结; 叛逆又孤独的高中生,在这里找到了逃离压抑家庭的小小角落,重拾对生活的热爱... 作者金浩然的笔触很细腻,喜欢看《请回答1988》或者《深夜食堂》的小宝们,建议你们去看这本《不便的便利店》!! ps:每次看到美食描写的时候我特别希望自己旁边有一份炸鸡 ...书摘图片我放在下面! infp 书摘 金句 文学 韩国文学 治愈 情感共鸣 阅读马拉松 惊艳到你的句子 我会被文字打动",426,情感故事,0,情感故事,治愈文案,0,32,692,raw_real_texts.csv
998d9d440093f8b3,"很喜欢的一句话 适合星星

Let me think that there is one among those stars that guides me life through the dark unknown. 让我设想,在群星之中,有一颗星是指导着我的生命通过不可知的黑暗的 。 ——《飞鸟集》 恋与深空 沈星回 抬头看星星",很喜欢的一句话 适合星星,"Let me think that there is one among those stars that guides me life through the dark unknown. 让我设想,在群星之中,有一颗星是指导着我的生命通过不可知的黑暗的 。 ——《飞鸟集》 恋与深空 沈星回 抬头看星星",166,情感故事,0,情感故事,治愈文案,0,61,691,raw_real_texts3.csv
8e5287845eb98ed7,"爱而不得の遗憾破碎文案

意难平文案[话题] 痛痛的文案[话题] 酸涩文案[话题] 你说最好的人就在身边[话题] 情绪化文案[话题] 句句不提遗憾句句是遗憾[话题] 暗恋文案[话题] 失恋文案[话题] 破碎感文案[话题] 分手文案[话题]",爱而不得の遗憾破碎文案,意难平文案[话题] 痛痛的文案[话题] 酸涩文案[话题] 你说最好的人就在身边[话题] 情绪化文案[话题] 句句不提遗憾句句是遗憾[话题] 暗恋文案[话题] 失恋文案[话题] 破碎感文案[话题] 分手文案[话题],119,情感故事,0,情感故事,失恋文案,1,7,641,raw_real_texts2.csv
1556b4164dd9e0c9,"好喜欢这一句话

- 晒透、吸饱这世界的丰盛。 Bask to the full and soak up the abundance of the world. - “晒透、吸饱这世界的丰盛。被感召着越走越远,直至我的小径没入黑暗。” 我想,固执的迈入这生命,然后,追着光,迎着风,热烈肆意的走一遭,活一次,最后滚烫着离开,就是我们来到这个世界的意义吧。 - 大大方方做自己 我会被文字打动 文字的力量 每日分享 中英双语 读书 文案 治愈 成长 Allin我自己",好喜欢这一句话,"- 晒透、吸饱这世界的丰盛。 Bask to the full and soak up the abundance of the world. - “晒透、吸饱这世界的丰盛。被感召着越走越远,直至我的小径没入黑暗。” 我想,固执的迈入这生命,然后,追着光,迎着风,热烈肆意的走一遭,活一次,最后滚烫着离开,就是我们来到这个世界的意义吧。 - 大大方方做自己 我会被文字打动 文字的力量 每日分享 中英双语 读书 文案 治愈 成长 Allin我自己",232,情感故事,0,情感故事,治愈文案,0,40,627,raw_real_texts.csv
c262c2a6f8eab5af,"我的青春大约是一场太阳雨。明明艳阳还在天上挂着,光却已变得潮湿,一粒粒雨丝砸在皮肤上,又热又凉。 风挟着水汽包裹全身,我看见雨珠在阳光中穿过,亮晶晶的,像无数短暂的流星,跌碎了,在水泥地上洇开深色的痕。有人在笑,笑声撞在雨线上,碎成更细的沫,飞走了。 过去总以为痛楚是件惊天动地的事,必要电闪雷鸣。后来才懂,最深的怅惘原是这般晴光潋滟的好天气里,无端落下的一阵雨。分明周身都被照得透亮,发梢却坠着水珠,擦不干,抹不尽。一抬头,日光刺目,只好又低下头去。 我们都行在这样一场雨里,衣裳半湿,在明亮的雨丝中辨认彼此湿润的轮廓。想说的话被雨声盖过,只剩下模糊的口型和一双双被水光洗得异常清亮的眼睛。 雨忽然就停了。水洼里倒映着重新变得干燥的天空,亮得晃眼。只有树下偶尔摇落的一两滴冷水,顺着脖颈滑进衣领,叫人蓦地一惊,想起方才那一场太阳雨是真的来过。 而青春已像地上一汪一汪的光,蒸发得无声无息。 青春是一本仓促的书 青春疼痛文学 文字是终身热爱 抽象 深夜emo","我的青春大约是一场太阳雨。明明艳阳还在天上挂着,光却已变得潮湿,一粒粒雨丝砸在皮肤上,又热又凉。 风挟着水汽包裹全身,我看见雨珠在阳光中穿过,亮晶晶的,像无数短暂的流星,跌碎了,在水泥地上洇开深色的痕。有人在笑,笑声撞在雨线上,碎成更细的沫,飞走了。 过去总以为痛楚是件惊天动地的事,必要电闪雷鸣。后来才懂,最深的怅惘原是这般晴光潋滟的好天气里,无端落下的一阵雨。分明周身都被照得透亮,发梢却坠着水珠,擦不干,抹不尽。一抬头,日光刺目,只好又低下头去。 我们都行在这样一场雨里,衣裳半湿,在明亮的雨丝中辨认彼此湿润的轮廓。想说的话被雨声盖过,只剩下模糊的口型和一双双被水光洗得异常清亮的眼睛。 雨忽然就停了。水洼里倒映着重新变得干燥的天空,亮得晃眼。只有树下偶尔摇落的一两滴冷水,顺着脖颈滑进衣领,叫人蓦地一惊,想起方才那一场太阳雨是真的来过。 而青春已像地上一汪一汪的光,蒸发得无声无息。 青春是一本仓促的书 青春疼痛文学 文字是终身热爱 抽象 深夜emo","我的青春大约是一场太阳雨。明明艳阳还在天上挂着,光却已变得潮湿,一粒粒雨丝砸在皮肤上,又热又凉。 风挟着水汽包裹全身,我看见雨珠在阳光中穿过,亮晶晶的,像无数短暂的流星,跌碎了,在水泥地上洇开深色的痕。有人在笑,笑声撞在雨线上,碎成更细的沫,飞走了。 过去总以为痛楚是件惊天动地的事,必要电闪雷鸣。后来才懂,最深的怅惘原是这般晴光潋滟的好天气里,无端落下的一阵雨。分明周身都被照得透亮,发梢却坠着水珠,擦不干,抹不尽。一抬头,日光刺目,只好又低下头去。 我们都行在这样一场雨里,衣裳半湿,在明亮的雨丝中辨认彼此湿润的轮廓。想说的话被雨声盖过,只剩下模糊的口型和一双双被水光洗得异常清亮的眼睛。 雨忽然就停了。水洼里倒映着重新变得干燥的天空,亮得晃眼。只有树下偶尔摇落的一两滴冷水,顺着脖颈滑进衣领,叫人蓦地一惊,想起方才那一场太阳雨是真的来过。 而青春已像地上一汪一汪的光,蒸发得无声无息。 青春是一本仓促的书 青春疼痛文学 文字是终身热爱 抽象 深夜emo",429,情感故事,0,情感故事,青春随笔,0,9,593,raw_real_texts.csv
37358aee68b7e19e,"只是那时,歇斯底里的声音覆盖住了意义。 学生时代是喧豗而轰然的。响了很久的上课铃在老师的谩骂声中渐渐消失,我们只能用笔尖反复摩挲着纸面来转移注意力。苦口婆心的教诲听了无数遍,却还是选择在大道理面前沉默,陷入无边的题海。 晚自习时,各个班级里的英语听力交错播放。教室里的灯光明晃晃的,与窗外的夜幕截然不同。车水马龙在耳边萦回,鸣笛声不断,成为一种属于晚自习的背景音。每每此刻,我总是会在心里默默想着:可不可以,把我,连同我的梦想一起带走? 白昼里那些被埋藏的情绪,被淹没的委屈,在此刻也纷纷复活。我们开始在心里喋喋不休,有些话欲言又止,化为眼泪掉落。 但那是自由也有迹可循。夜阑人静时,走廊里依旧人满为患,昏黄的灯光将梦想的影子拖得好长好长。我们总是高谈阔论着,未来与以后,岁月与流年,总觉得多年后听起来也像是弹指之间。 却忘了,此时此刻,愿景与如今重叠的瞬间,才是最伟大的永远。 我们歇斯底里,总在故事的最后,才明白苦海的波澜起伏。 Icelume 文字 随笔 我们永远在这里 学生时代 青春 爱 苦海 学海无涯苦作舟 那时的我们不懂永远","只是那时,歇斯底里的声音覆盖住了意义","只是那时,歇斯底里的声音覆盖住了意义。 学生时代是喧豗而轰然的。响了很久的上课铃在老师的谩骂声中渐渐消失,我们只能用笔尖反复摩挲着纸面来转移注意力。苦口婆心的教诲听了无数遍,却还是选择在大道理面前沉默,陷入无边的题海。 晚自习时,各个班级里的英语听力交错播放。教室里的灯光明晃晃的,与窗外的夜幕截然不同。车水马龙在耳边萦回,鸣笛声不断,成为一种属于晚自习的背景音。每每此刻,我总是会在心里默默想着:可不可以,把我,连同我的梦想一起带走? 白昼里那些被埋藏的情绪,被淹没的委屈,在此刻也纷纷复活。我们开始在心里喋喋不休,有些话欲言又止,化为眼泪掉落。 但那是自由也有迹可循。夜阑人静时,走廊里依旧人满为患,昏黄的灯光将梦想的影子拖得好长好长。我们总是高谈阔论着,未来与以后,岁月与流年,总觉得多年后听起来也像是弹指之间。 却忘了,此时此刻,愿景与如今重叠的瞬间,才是最伟大的永远。 我们歇斯底里,总在故事的最后,才明白苦海的波澜起伏。 Icelume 文字 随笔 我们永远在这里 学生时代 青春 爱 苦海 学海无涯苦作舟 那时的我们不懂永远",469,情感故事,0,情感故事,青春随笔,0,3,476,raw_real_texts.csv
d227690993bc1a8e,"15岁女高随笔:优绩主义绑架了我的青春

夜深忽梦少年事 梦啼妆泪红阑干 细细想来,我的一整个青春几乎都在被优绩主义所裹挟。 我从小接受着老一辈“万般皆下品 惟有读书高”的思想灌入,自打踏入学校以来,我就一直想争第一做第一,在我的潜意识里,只有第一名才是值得骄傲值得被别人记住的。 的确,在某一段岁月里我享受到了优绩主义带给我的红利,我的名字频繁地出现在优秀学生、学习之行等奖项上,我站在讲台上,虚荣心得到了充分地满足,但随之而来的,是一丝莫名的紧张与忐忑。 我开始害怕自己当不了第一名,我不自觉构想同学议论我的画面。 一直到上了高中,我所在的学校是一所百年历史的国重,班级里聪明的人一抓一大把,我依旧记得第一次月考我的数学只有五十多分,班级倒数。很明显,我不服,我拼了命去写数学题刷课外练习册,最终的效果甚微,于是我被迫接受了这个结局,这个并不完美的结局。 我讨厌优绩主义,虽然它曾给我带来一些欢喜。 我渐渐明白,成绩不是人生的全部,哪怕是化学倒数第一,我的世界依然在有条不紊地运行。 优绩主义绑架了我的青春。 而帮凶是我。 /完 女高原创随笔[话题] 我的人生观[话题] 思考[话题] 迷茫与成长[话题] 现实主义[话题] 小蝴蝶的精神世界[话题] 优绩主义[话题]",15岁女高随笔:优绩主义绑架了我的青春,"夜深忽梦少年事 梦啼妆泪红阑干 细细想来,我的一整个青春几乎都在被优绩主义所裹挟。 我从小接受着老一辈“万般皆下品 惟有读书高”的思想灌入,自打踏入学校以来,我就一直想争第一做第一,在我的潜意识里,只有第一名才是值得骄傲值得被别人记住的。 的确,在某一段岁月里我享受到了优绩主义带给我的红利,我的名字频繁地出现在优秀学生、学习之行等奖项上,我站在讲台上,虚荣心得到了充分地满足,但随之而来的,是一丝莫名的紧张与忐忑。 我开始害怕自己当不了第一名,我不自觉构想同学议论我的画面。 一直到上了高中,我所在的学校是一所百年历史的国重,班级里聪明的人一抓一大把,我依旧记得第一次月考我的数学只有五十多分,班级倒数。很明显,我不服,我拼了命去写数学题刷课外练习册,最终的效果甚微,于是我被迫接受了这个结局,这个并不完美的结局。 我讨厌优绩主义,虽然它曾给我带来一些欢喜。 我渐渐明白,成绩不是人生的全部,哪怕是化学倒数第一,我的世界依然在有条不紊地运行。 优绩主义绑架了我的青春。 而帮凶是我。 /完 女高原创随笔[话题] 我的人生观[话题] 思考[话题] 迷茫与成长[话题] 现实主义[话题] 小蝴蝶的精神世界[话题] 优绩主义[话题]",535,情感故事,0,情感故事,青春随笔,0,1,441,raw_real_texts2.csv
98e05dedb4395362,"最近非常喜欢的一段话, 一个不断进化的人,必然会有情绪问题。因为向上的过程,意味着接触新的复杂度,新的人、新的事、新的挑战。每天都在产生情绪、消化情绪、固化情绪、再理解情绪; 正是这些起心动念,构成了成长的底层引擎。当你被愤怒、委屈、焦虑、挫败击中的时候,不要急着否定它。情绪的涌动,往往正是深层弱点被触发的信号。它在提醒你,哪里还没准备好,哪里需要重构。 一个总是很稳定、日子过得小确幸的人,从表面看情绪平和,但从大局上看,其实停止了进步。真正的成长,不是每天四平八稳,而是要经历不断地失衡、再找回平衡的过程。就像天天有人揍你一拳,在快要倒下时努力站稳,这个过程,才是净化与进化。 当你被锤得很猛时,恢复不会立刻发生。真正有成长价值的痛,需要完整经历。那些对自己要求极高的人,往往会允许自己彻底感受痛的过程,觉得自己很累,觉得过去几年荒废了,被同龄人碾压,被后来者秒杀。哪怕痛到怀疑人生,他们也选择直面,而不是逃避。这种痛感,本身就是重生的前奏。只有在痛里承认自己的不足,才会激发彻底的重构。所以,不要害怕痛,因为那是你在正确的证据。 女性成长 让自己变强大","最近非常喜欢的一段话, 一个不断进化的人,必然会有情绪问题。因为向上的过程,意味着接触新的复杂度,新的人、新的事、新的挑战。每天都在产生情绪、消化情绪、固化情绪、再理解情绪; 正是这些起心动念,构成了成长的底层引擎。当你被愤怒、委屈、焦虑、挫败击中的时候,不要急着否定它。情绪的涌动,往往正是深层弱点被触发的信号。它在提醒你,哪里还没准备好,哪里需要重构。 一个总是很稳定、日子过得小确幸的人,从表面看情绪平和,但从大局上看,其实停止了进步。真正的成长,不是每天四平八稳,而是要经历不断地失衡、再找回平衡的过程。就像天天有人揍你一拳,在快要倒下时努力站稳,这个过程,才是净化与进化。 当你被锤得很猛时,恢复不会立刻发生。真正有成长价值的痛,需要完整经历。那些对自己要求极高的人,往往会允许自己彻底感受痛的过程,觉得自己很累,觉得过去几年荒废了,被同龄人碾压,被后来者秒杀。哪怕痛到怀疑人生,他们也选择直面,而不是逃避。这种痛感,本身就是重生的前奏。只有在痛里承认自己的不足,才会激发彻底的重构。所以,不要害怕痛,因为那是你在正确的证据。 女性成长 让自己变强大","最近非常喜欢的一段话, 一个不断进化的人,必然会有情绪问题。因为向上的过程,意味着接触新的复杂度,新的人、新的事、新的挑战。每天都在产生情绪、消化情绪、固化情绪、再理解情绪; 正是这些起心动念,构成了成长的底层引擎。当你被愤怒、委屈、焦虑、挫败击中的时候,不要急着否定它。情绪的涌动,往往正是深层弱点被触发的信号。它在提醒你,哪里还没准备好,哪里需要重构。 一个总是很稳定、日子过得小确幸的人,从表面看情绪平和,但从大局上看,其实停止了进步。真正的成长,不是每天四平八稳,而是要经历不断地失衡、再找回平衡的过程。就像天天有人揍你一拳,在快要倒下时努力站稳,这个过程,才是净化与进化。 当你被锤得很猛时,恢复不会立刻发生。真正有成长价值的痛,需要完整经历。那些对自己要求极高的人,往往会允许自己彻底感受痛的过程,觉得自己很累,觉得过去几年荒废了,被同龄人碾压,被后来者秒杀。哪怕痛到怀疑人生,他们也选择直面,而不是逃避。这种痛感,本身就是重生的前奏。只有在痛里承认自己的不足,才会激发彻底的重构。所以,不要害怕痛,因为那是你在正确的证据。 女性成长 让自己变强大",480,情感故事,0,情感故事,成长感悟,0,66,424,raw_real_texts3.csv
30f6c4b279e6d204,"那些文学中温柔治愈的松弛自洽

松弛感[话题] 治愈[话题] 温柔[话题] 散文[话题] 文学的浪漫[话题] 文学[话题] 文案[话题] 文字[话题] 文笔提升[话题] 作文素材[话题]",那些文学中温柔治愈的松弛自洽,松弛感[话题] 治愈[话题] 温柔[话题] 散文[话题] 文学的浪漫[话题] 文学[话题] 文案[话题] 文字[话题] 文笔提升[话题] 作文素材[话题],93,情感故事,0,情感故事,治愈文案,0,14,368,raw_real_texts2.csv
02bb712b70b11be7,"“夏天适合畅想明亮”

我们不要辜负长夏,不要辜负白昼和晴天。 随笔 夏天 成长 高校诗歌创作联盟 信件 肆意地感受夏夭 友谊地久天长",“夏天适合畅想明亮”,"我们不要辜负长夏,不要辜负白昼和晴天。 随笔 夏天 成长 高校诗歌创作联盟 信件 肆意地感受夏夭 友谊地久天长",67,情感故事,0,情感故事,青春随笔,0,14,360,raw_real_texts.csv
ade94393ee2dbab3,"我抓住青春这枚鱼脊的尾梢。

冷鲜奶与青提味道的啫喱,我们初遇的夏季,爬过森绿色的天梯再淋雨跑到火车站,同汽水一般酸的冰荔枝终于也消弭在了饱和着迪斯科的一九九九。我载着橙红年代的太阳,手腕上那截鱼脊链磨得比珍珠还白,明晃晃地将爱情的淤青掩藏。张**跟我躺床上的时候就喜欢抓住这里,要咯得我挤出血痕,要直至教会我喊爱为止。他说我看着情歌也能三押、风流倜傥的,骂起人来流利,讲起爱来却舌头打结,问我是不是存心针对他。 冤枉吧我当然没有。随后我们就都缄默了,活脱脱一副淡如水的样子在黑夜里凝视着对方,任凭summer time这段青稚以灼烫来舔舐我们。 漂泊在海湾的人总会不可避免地彻夜忖思起三个问题:幸福、爱与以后。怎么定义幸福。什么叫做爱。以后又如何。将生命喻作漫长的旅途时,我们或许并未预设下问题的答案,以至于这就成了一门哲学,而我们将花费永远去探讨。又说到“永远”,永远是青春期里的高频词。Never,我们通常是这样解释它的。 文稿 随笔 原创 小红书年度诗篇",我抓住青春这枚鱼脊的尾梢。,"冷鲜奶与青提味道的啫喱,我们初遇的夏季,爬过森绿色的天梯再淋雨跑到火车站,同汽水一般酸的冰荔枝终于也消弭在了饱和着迪斯科的一九九九。我载着橙红年代的太阳,手腕上那截鱼脊链磨得比珍珠还白,明晃晃地将爱情的淤青掩藏。张**跟我躺床上的时候就喜欢抓住这里,要咯得我挤出血痕,要直至教会我喊爱为止。他说我看着情歌也能三押、风流倜傥的,骂起人来流利,讲起爱来却舌头打结,问我是不是存心针对他。 冤枉吧我当然没有。随后我们就都缄默了,活脱脱一副淡如水的样子在黑夜里凝视着对方,任凭summer time这段青稚以灼烫来舔舐我们。 漂泊在海湾的人总会不可避免地彻夜忖思起三个问题:幸福、爱与以后。怎么定义幸福。什么叫做爱。以后又如何。将生命喻作漫长的旅途时,我们或许并未预设下问题的答案,以至于这就成了一门哲学,而我们将花费永远去探讨。又说到“永远”,永远是青春期里的高频词。Never,我们通常是这样解释它的。 文稿 随笔 原创 小红书年度诗篇",431,情感故事,0,情感故事,青春随笔,0,7,358,raw_real_texts.csv
3b31725f9c2c538e,"金句摘抄|治愈自己缓解焦虑的短诗

01 「我们活过的刹那,前后皆是暗夜。」 ——费尔南多·佩索阿《阿尔伯特·卡埃罗》 02 「天空没有翅膀的痕迹,但我已飞过。」 ——泰戈尔《飞鸟集》 03 「我允许自己像一块被晒暖的石头,什么也不证明。」 ——佩索阿《不安之书》 04 「你只需要坐在门阶上等待,世界会卷成猫的形状蹭过你脚边。」 ——玛丽·奥利弗《须知》 05 「我认出风暴而激动如大海,我舒展开又蜷缩回自己,我挣脱自身,独自置身于伟大的风暴中。」 ——里尔克《预感》 06 「当华美的叶片落尽,生命的脉络才历历可见。」 ——聂鲁达《二十首情诗和一首绝望的歌》 07 「月亮打树,无风也碎。」 ——木心《云雀叫了一整天》 08 「我的心是七层塔檐上悬挂的风铃,叮咛叮咛咛,此起彼落,敲叩着一个人的名字。」 ——余光中《风铃》 09 「你生而有翼,为何竟愿一生匍匐前行?」 ——鲁米 10 「蚂蚁在搬运沙粒,宇宙在搬运星辰,我坐在石阶上,觉得万物平等。」 ——谷川俊太郎《二十亿光年的孤独》 11 「夜晚拥抱了所有迷路的露水,清晨会还给天空。」 ——海灵格《沉思》 好句摘抄分享 惊艳到你的句子 诗词 治愈 焦虑 摘抄 分享 读书 文学 打动人心的句子",金句摘抄|治愈自己缓解焦虑的短诗,"01 「我们活过的刹那,前后皆是暗夜。」 ——费尔南多·佩索阿《阿尔伯特·卡埃罗》 02 「天空没有翅膀的痕迹,但我已飞过。」 ——泰戈尔《飞鸟集》 03 「我允许自己像一块被晒暖的石头,什么也不证明。」 ——佩索阿《不安之书》 04 「你只需要坐在门阶上等待,世界会卷成猫的形状蹭过你脚边。」 ——玛丽·奥利弗《须知》 05 「我认出风暴而激动如大海,我舒展开又蜷缩回自己,我挣脱自身,独自置身于伟大的风暴中。」 ——里尔克《预感》 06 「当华美的叶片落尽,生命的脉络才历历可见。」 ——聂鲁达《二十首情诗和一首绝望的歌》 07 「月亮打树,无风也碎。」 ——木心《云雀叫了一整天》 08 「我的心是七层塔檐上悬挂的风铃,叮咛叮咛咛,此起彼落,敲叩着一个人的名字。」 ——余光中《风铃》 09 「你生而有翼,为何竟愿一生匍匐前行?」 ——鲁米 10 「蚂蚁在搬运沙粒,宇宙在搬运星辰,我坐在石阶上,觉得万物平等。」 ——谷川俊太郎《二十亿光年的孤独》 11 「夜晚拥抱了所有迷路的露水,清晨会还给天空。」 ——海灵格《沉思》 好句摘抄分享 惊艳到你的句子 诗词 治愈 焦虑 摘抄 分享 读书 文学 打动人心的句子",526,情感故事,0,情感故事,治愈文案,0,52,340,raw_real_texts3.csv
9447dd8b27d9bb15,"作家笔下那些温柔治愈的文字

最近几日全国范围内都在大降温 大家要注意防寒保暖 分享一些温暖治愈的文字给大家 祝愿你我,心想事成 文学[话题] 我会被文字打动[话题] 惊艳到你的句子[话题] 作家笔下的浪漫[话题] 分享好句[话题] 句子控[话题] 温柔系治愈文字[话题] 打动人心的文字[话题] 文学的浪漫[话题] 文字的温度[话题]",作家笔下那些温柔治愈的文字,"最近几日全国范围内都在大降温 大家要注意防寒保暖 分享一些温暖治愈的文字给大家 祝愿你我,心想事成 文学[话题] 我会被文字打动[话题] 惊艳到你的句子[话题] 作家笔下的浪漫[话题] 分享好句[话题] 句子控[话题] 温柔系治愈文字[话题] 打动人心的文字[话题] 文学的浪漫[话题] 文字的温度[话题]",168,情感故事,0,情感故事,治愈文案,0,11,269,raw_real_texts2.csv
3cc9c208d2cd1994,"“我觉得二十二岁是最擅长告别的年纪”

人生的归属感不过是暂时的寄托,能与谁共鸣、能在何处安放自我,都需要一点点放下执念的勇气。 成长好像是一座飘在风中的客栈,总有人暂住、有人远行,樶后只剩下自己,和并不算沉重的影子。这个年纪里,很难拥有稳定深度的关系,大家都像是候鸟,下一个停靠点尚未可知,也许前一刻还热络相谈,后一刻就各奔东西。久而久之,我们学会在告别中成长。 我相信,生活本身即是一场场有始无终的迁徙。不同的机场,不同的安检口。我的生活在大地的经纬间不断转场,从熟悉到陌生、从欢笑到沉默、从相逢到分离。提着行李箱穿梭在航站楼之间,手机里存着零零散散的道别短信,去往新的目的地,却总有一些难舍的过往被遗落于原点。 治愈 成长 原创随笔 毕业总是会有遗憾的 青春的遗憾 随笔 青春是一本仓促的书 文字 那就好好道别 原来我们就是青春",“我觉得二十二岁是最擅长告别的年纪”,"人生的归属感不过是暂时的寄托,能与谁共鸣、能在何处安放自我,都需要一点点放下执念的勇气。 成长好像是一座飘在风中的客栈,总有人暂住、有人远行,樶后只剩下自己,和并不算沉重的影子。这个年纪里,很难拥有稳定深度的关系,大家都像是候鸟,下一个停靠点尚未可知,也许前一刻还热络相谈,后一刻就各奔东西。久而久之,我们学会在告别中成长。 我相信,生活本身即是一场场有始无终的迁徙。不同的机场,不同的安检口。我的生活在大地的经纬间不断转场,从熟悉到陌生、从欢笑到沉默、从相逢到分离。提着行李箱穿梭在航站楼之间,手机里存着零零散散的道别短信,去往新的目的地,却总有一些难舍的过往被遗落于原点。 治愈 成长 原创随笔 毕业总是会有遗憾的 青春的遗憾 随笔 青春是一本仓促的书 文字 那就好好道别 原来我们就是青春",367,情感故事,0,情感故事,青春随笔,0,19,245,raw_real_texts.csv
6b23094f3a78b994,"在那个渗透你的气息的季节。

在那个渗透你的气息的季节, 淡蓝的衬衫被附着上桃子的香气。 那个夏天很短暂,但似乎又是漫长的,因为白天夜里无时无刻不弥漫着你的气息。 我们在那个淡黄的沙滩,蒸发着情感,交融着爱意。蓝白相间的条纹短袖,延伸出你均匀年轻的双臂,多么可爱,多么单薄,像母亲赠予妹妹的陶瓷娃娃,我渴望轻轻触摸,或画上海的样子。 那时什么都包围着你,阳光,海浪抑或是我,那时我只看着你,我的一切都从你那里得到。 我们用青铜交织着古铜色的雕塑手臂,在海浪拍打着那片沙地时,在笑看彼此时,握手言和,不知道你的手上,是否会粘上锈迹。 我们在草地上铺散开,绿草从你的脖颈间生长出来,你会有青草的味道,会有阳光的温暖。它们和着微风淅淅沥沥的掠过你的脸颊,踏过你的双眸,你像个顽童一样,在我身上蹭来蹭去。我闻着你袖口的味道,我听到你在呼唤我的名字。 在树荫下葱郁的你,如杏树结果般的你,跳入泳池就化成水的你,变成无数条鱼儿的你,我爱这样全部的你。 在那个夏天的夜晚,我们一起蔓延,一起绵长地溺毙在这彼此的温柔中。 我只想紧紧拥抱着你,让我不可豁免的爱全都给予你,即使是我多年后全部的泪水,也要为你化为一条河,再看看你的清澈,再容容你的泪水,也许可以用你的名字来命名。也许可以,以你的名字来呼唤我。 这样如此的你。 生活美学 随笔 原创随笔 文字 infp 请以你的名字呼唤我 同人文 文字 人生流淌在诗歌里 夏天",在那个渗透你的气息的季节。,"在那个渗透你的气息的季节, 淡蓝的衬衫被附着上桃子的香气。 那个夏天很短暂,但似乎又是漫长的,因为白天夜里无时无刻不弥漫着你的气息。 我们在那个淡黄的沙滩,蒸发着情感,交融着爱意。蓝白相间的条纹短袖,延伸出你均匀年轻的双臂,多么可爱,多么单薄,像母亲赠予妹妹的陶瓷娃娃,我渴望轻轻触摸,或画上海的样子。 那时什么都包围着你,阳光,海浪抑或是我,那时我只看着你,我的一切都从你那里得到。 我们用青铜交织着古铜色的雕塑手臂,在海浪拍打着那片沙地时,在笑看彼此时,握手言和,不知道你的手上,是否会粘上锈迹。 我们在草地上铺散开,绿草从你的脖颈间生长出来,你会有青草的味道,会有阳光的温暖。它们和着微风淅淅沥沥的掠过你的脸颊,踏过你的双眸,你像个顽童一样,在我身上蹭来蹭去。我闻着你袖口的味道,我听到你在呼唤我的名字。 在树荫下葱郁的你,如杏树结果般的你,跳入泳池就化成水的你,变成无数条鱼儿的你,我爱这样全部的你。 在那个夏天的夜晚,我们一起蔓延,一起绵长地溺毙在这彼此的温柔中。 我只想紧紧拥抱着你,让我不可豁免的爱全都给予你,即使是我多年后全部的泪水,也要为你化为一条河,再看看你的清澈,再容容你的泪水,也许可以用你的名字来命名。也许可以,以你的名字来呼唤我。 这样如此的你。 生活美学 随笔 原创随笔 文字 infp 请以你的名字呼唤我 同人文 文字 人生流淌在诗歌里 夏天",602,情感故事,0,情感故事,青春随笔,0,27,174,raw_real_texts.csv
516713ede4979d69,"我会亲自洞穿你沉重的青春

随笔 文字 感受 关于我的墓志铭 但在死亡之前 如果还能见到你 还想和你谈论宇宙和天空 话虽如此 希望大家得偿所愿一切顺利",我会亲自洞穿你沉重的青春,随笔 文字 感受 关于我的墓志铭 但在死亡之前 如果还能见到你 还想和你谈论宇宙和天空 话虽如此 希望大家得偿所愿一切顺利,75,情感故事,0,情感故事,青春随笔,0,12,170,raw_real_texts.csv
5b2f5096c1f04fc7,"喜欢少年。

喜欢情义与朦胧的爱诞生在少年时期,不知天高底厚,纯粹青涩的如纽扣一般紧紧扣着。未经世俗,骨头连着皮肉也正值青春。她们偶尔肆意妄为,蹬着单车追风的步伐,臂弯里夹本杂志漫画,看什么不爽就嚷嚷着要扁谁。后坐的吃了一嘴风,发丝撇到脸庞。少年们的叫喊就像山的起伏,起起落落。跟本不齐,也不着调。让一切去死吧,不知谁说的,也不在乎谁说的。思绪过去了,你我靠在一起,脊背的骨头仿佛在这一刻蓬勃生长了起来。嘴里说着未来,现在和过去。少年啊,就是一盏“有气”的亮灯,一盏会熄灭的灯。到油尽干枯的时候,她会走马灯花地回想那梦幻的一幕吗? 随笔 原创随笔 日常随笔 原创文字",喜欢少年。,"喜欢情义与朦胧的爱诞生在少年时期,不知天高底厚,纯粹青涩的如纽扣一般紧紧扣着。未经世俗,骨头连着皮肉也正值青春。她们偶尔肆意妄为,蹬着单车追风的步伐,臂弯里夹本杂志漫画,看什么不爽就嚷嚷着要扁谁。后坐的吃了一嘴风,发丝撇到脸庞。少年们的叫喊就像山的起伏,起起落落。跟本不齐,也不着调。让一切去死吧,不知谁说的,也不在乎谁说的。思绪过去了,你我靠在一起,脊背的骨头仿佛在这一刻蓬勃生长了起来。嘴里说着未来,现在和过去。少年啊,就是一盏“有气”的亮灯,一盏会熄灭的灯。到油尽干枯的时候,她会走马灯花地回想那梦幻的一幕吗? 随笔 原创随笔 日常随笔 原创文字",283,情感故事,0,情感故事,青春随笔,0,4,168,raw_real_texts.csv
e386b952f0dddb1f,"分手文案、

释怀[话题] 情绪化文案[话题] 文案分享[话题] 遗憾文案[话题] 失去分享欲是散场的开始[话题]",分手文案、,释怀[话题] 情绪化文案[话题] 文案分享[话题] 遗憾文案[话题] 失去分享欲是散场的开始[话题],57,情感故事,0,情感故事,失恋文案,1,2,168,raw_real_texts2.csv
f764a64631b82ab6,"我们无法预知某一瞬间的价值直到它成为回忆

- 看了余华的节目,他谈到青春,真是让我又哭又笑。 在余华看来,人的记忆是有选择性的,青春也是可以自己定义的,只要让你愿意记住的,就是青春的起点。 他心里的青春,从27岁发表小说开始。27岁以前天天给人拔牙的那段人生他无法称之为""青春""。年轻时他也曾怀揣成为歌唱家的梦想,每天凌晨到海边练声,反倒被村里人误以为山中闹 ,只得狼狈放弃。 可他说,正是那些不切实际的梦想,才让青春显得生机勃勃。倘若每个梦想都很实际,那就不叫梦想了。 余华也有青春的遗憾。有次搬家时嫌书信麻烦,烧掉了一大箱的信件,其中有十多封史铁生的信。那部分珍贵的记忆没有了,这长久的懊悔,成了他回忆里特殊的一段。 - 关于青春,40岁的仁科认为,此时此刻便是一个人的青春;精 选 创作者特厨隋坡坦言,自己没有上过高中,十八岁误打误撞进入后厨,选择在烟火炉灶里开启了人生篇章。 他们的青春都没有被年龄所框住。 所以《一个文学的午后》让我想明白了:不必纠结年少碌碌无为,也不用困在过往的缺憾里内耗。我们可以筛选记忆,和灰暗的过往和解、放下糟糕的从前。 人生没有迟到的青春,每一个奔赴热爱的当下,都能成为青春崭新的起点。 余华 一个文学的午后 青春 青春回忆 人生感悟 文字的力量 2026高考季 高考前最后叮嘱",我们无法预知某一瞬间的价值直到它成为回忆,"- 看了余华的节目,他谈到青春,真是让我又哭又笑。 在余华看来,人的记忆是有选择性的,青春也是可以自己定义的,只要让你愿意记住的,就是青春的起点。 他心里的青春,从27岁发表小说开始。27岁以前天天给人拔牙的那段人生他无法称之为""青春""。年轻时他也曾怀揣成为歌唱家的梦想,每天凌晨到海边练声,反倒被村里人误以为山中闹 ,只得狼狈放弃。 可他说,正是那些不切实际的梦想,才让青春显得生机勃勃。倘若每个梦想都很实际,那就不叫梦想了。 余华也有青春的遗憾。有次搬家时嫌书信麻烦,烧掉了一大箱的信件,其中有十多封史铁生的信。那部分珍贵的记忆没有了,这长久的懊悔,成了他回忆里特殊的一段。 - 关于青春,40岁的仁科认为,此时此刻便是一个人的青春;精 选 创作者特厨隋坡坦言,自己没有上过高中,十八岁误打误撞进入后厨,选择在烟火炉灶里开启了人生篇章。 他们的青春都没有被年龄所框住。 所以《一个文学的午后》让我想明白了:不必纠结年少碌碌无为,也不用困在过往的缺憾里内耗。我们可以筛选记忆,和灰暗的过往和解、放下糟糕的从前。 人生没有迟到的青春,每一个奔赴热爱的当下,都能成为青春崭新的起点。 余华 一个文学的午后 青春 青春回忆 人生感悟 文字的力量 2026高考季 高考前最后叮嘱",558,情感故事,0,情感故事,青春随笔,0,23,163,raw_real_texts.csv
f70d9ea264ce1b2d,"“我们的被子再也晒不出二十岁的味道了”

那时候不懂什么叫无忧无虑,只知道中午趴在被子上睡一觉,第二天的数学课就不那么难熬。 眼睛闭上,鼻尖蹭到被子,扑面而来的就是那种干净又温柔的味道:阳光、洗衣粉、风吹了一上午的尘土,还有不知道从哪里飘来的梧桐叶气味。 你说不清它是什么,只知道那是“安心”的味道。 我们真正怀念的,是那段被阳光认真对待的日子。 而现在轮到我们自己,去认真对待,眼前仍在继续的生活。 治愈 成长 情感 原创随笔 随笔 校园 只道当时是寻常 原来我们就是青春 文字控",“我们的被子再也晒不出二十岁的味道了”,"那时候不懂什么叫无忧无虑,只知道中午趴在被子上睡一觉,第二天的数学课就不那么难熬。 眼睛闭上,鼻尖蹭到被子,扑面而来的就是那种干净又温柔的味道:阳光、洗衣粉、风吹了一上午的尘土,还有不知道从哪里飘来的梧桐叶气味。 你说不清它是什么,只知道那是“安心”的味道。 我们真正怀念的,是那段被阳光认真对待的日子。 而现在轮到我们自己,去认真对待,眼前仍在继续的生活。 治愈 成长 情感 原创随笔 随笔 校园 只道当时是寻常 原来我们就是青春 文字控",241,情感故事,0,情感故事,青春随笔,0,28,161,raw_real_texts.csv
7afd11ac6dedb419,"現在妳是

存一則給之前的朋友寫的一本字書 佩服自己创作这些文字的时候实在是艰难但也还是整合了出来。以前自己真的是一个很喜欢记录很爱表达自己的人 雖然很爱哭会把自己的情绪表达发泄出来。 上高三我几乎每天都能输出好多文字,现在一切变得轻盈自由却忘了当时的自己是如何写下那般深刻的文字的。是因为太幸福了吗... 现在的我拥有一种重新感知这个世界的错觉。 inmyfeelings 文字 拾柒",現在妳是,"存一則給之前的朋友寫的一本字書 佩服自己创作这些文字的时候实在是艰难但也还是整合了出来。以前自己真的是一个很喜欢记录很爱表达自己的人 雖然很爱哭会把自己的情绪表达发泄出来。 上高三我几乎每天都能输出好多文字,现在一切变得轻盈自由却忘了当时的自己是如何写下那般深刻的文字的。是因为太幸福了吗... 现在的我拥有一种重新感知这个世界的错觉。 inmyfeelings 文字 拾柒",193,情感故事,0,情感故事,青春随笔,0,30,150,raw_real_texts.csv
228f5d69e3048d2e,"be结局破碎感溢出の酸涩文案

1. 还回的去吗 凌晨说喜欢我的那天 2. 如果我也向前走的话 那我们的过去是不是没人记得了 3. 我要找以前的你告状 4. 该不该躲你 该不该躲这场雨 5. 名为你的一场雨 淋得我一病不起 6. 你答应我的 却变成我为难你的 7. 那些你逃避回答的问题 我也不会再问了 8. 原来你不是木讷的树 只是不为我哗然 9. 我只是那天没有感受到被爱 忙里忙慌的把一切都搞砸了 我也没想和你告别 10. 还给我 我的眼泪 我的睡眠 我的时间 我的勇气 我的真心 我的爱 be[话题] be文案[话题] 破碎感文案[话题] 分手文案[话题] 情感伤感文案[话题] 文案[话题] 朋友圈文案[话题] 情绪化文案[话题] 故事结束了[话题] 句句不提遗憾句句是遗憾[话题]",be结局破碎感溢出の酸涩文案,1. 还回的去吗 凌晨说喜欢我的那天 2. 如果我也向前走的话 那我们的过去是不是没人记得了 3. 我要找以前的你告状 4. 该不该躲你 该不该躲这场雨 5. 名为你的一场雨 淋得我一病不起 6. 你答应我的 却变成我为难你的 7. 那些你逃避回答的问题 我也不会再问了 8. 原来你不是木讷的树 只是不为我哗然 9. 我只是那天没有感受到被爱 忙里忙慌的把一切都搞砸了 我也没想和你告别 10. 还给我 我的眼泪 我的睡眠 我的时间 我的勇气 我的真心 我的爱 be[话题] be文案[话题] 破碎感文案[话题] 分手文案[话题] 情感伤感文案[话题] 文案[话题] 朋友圈文案[话题] 情绪化文案[话题] 故事结束了[话题] 句句不提遗憾句句是遗憾[话题],346,情感故事,0,情感故事,失恋文案,1,5,89,raw_real_texts2.csv
4f078d4528142be6,"我以为我不会怀念那个夏天

我的青春如此普通,我的青春如此苦涩,我的青春啊,我为什么还是会怀念你 原创 RED新生代创作大赛 文字复兴单元 回忆涌上心头 怀念那年夏天 那年的夏天 怎么不怀念呢 高中 高中回忆录 我以为忘了想念",我以为我不会怀念那个夏天,"我的青春如此普通,我的青春如此苦涩,我的青春啊,我为什么还是会怀念你 原创 RED新生代创作大赛 文字复兴单元 回忆涌上心头 怀念那年夏天 那年的夏天 怎么不怀念呢 高中 高中回忆录 我以为忘了想念",113,情感故事,0,情感故事,青春随笔,0,24,33,raw_real_texts.csv
42467f5ee22abbc1,"感觉帖主说的14岁不一定真的指14岁,它可以是15岁16岁甚至20岁21岁,可以是人生任何一个阶段的夏日——只要这个夏日足够美好,只要陪在身边的人或者你本人甚至那段日子足够耀眼,那么日后每一个夏日都会开始怀念,但转念一想,当下我们也能创造一个新的值得怀念的夏日。人生尚未迟暮,万事皆为序章 即使我们成为大人 年少时的我们 日常随笔 青春里的遗憾 原创随笔 遗憾的青春 原创文章 小红书原创随笔 学生时代的暗恋 随笔","感觉帖主说的14岁不一定真的指14岁,它可以是15岁16岁甚至20岁21岁,可以是人生任何一个阶段的夏日——只要这个夏日足够美好,只要陪在身边的人或者你本人甚至那段日子足够耀眼,那么日后每一个夏日都会开始怀念,但转念一想,当下我们也能创造一个新的值得怀念的夏日。人生尚未迟暮,万事皆为序章 即使我们成为大人 年少时的我们 日常随笔 青春里的遗憾 原创随笔 遗憾的青春 原创文章 小红书原创随笔 学生时代的暗恋 随笔","感觉帖主说的14岁不一定真的指14岁,它可以是15岁16岁甚至20岁21岁,可以是人生任何一个阶段的夏日——只要这个夏日足够美好,只要陪在身边的人或者你本人甚至那段日子足够耀眼,那么日后每一个夏日都会开始怀念,但转念一想,当下我们也能创造一个新的值得怀念的夏日。人生尚未迟暮,万事皆为序章 即使我们成为大人 年少时的我们 日常随笔 青春里的遗憾 原创随笔 遗憾的青春 原创文章 小红书原创随笔 学生时代的暗恋 随笔",207,情感故事,0,情感故事,青春随笔,0,22,28,raw_real_texts.csv
f569ec48b0f7ffb6,"6月16日 伍尔夫《海浪》最治愈的生命独白 在疲惫的时候,偏爱读伍尔夫的《海浪》。 没有跌宕的剧情,只有散落的、温柔的瞬间,治愈所有紧绷的情绪。 这段奈维尔的独白,是全书最明亮的一笔,彻底打破了秋日的萧瑟与意识流的清冷。 “一片叶子落下,是出于欢喜。 远方的钟声悠悠响起,不为告别死亡, 只为热烈、鲜活的生命而鸣。” 寻常的河畔光景,灼热日光、斑驳树影、缓缓漂流的小船, 在细腻的感知里,变成了独属于生命的盛大浪漫。 我们总习惯赋予落叶凋零、钟声别离的悲凉寓意, 可伍尔夫借文字告诉我们:万物的起落,皆是生命自在的舒展。 真正的热爱生活,从不是奔赴遥远的永恒, 而是珍惜每一个「当下存在」的瞬间。 沉浸微风、光影、人间烟火, 接纳当下的美好,热烈拥抱鲜活的自己, 这就是生命最好的状态 伍尔夫 海浪 伍尔夫语录 意识流文学 文学摘抄 治愈文案 生命美学 伍尔夫日书 每日英语 英语原著阅读","6月16日 伍尔夫《海浪》最治愈的生命独白 在疲惫的时候,偏爱读伍尔夫的《海浪》。 没有跌宕的剧情,只有散落的、温柔的瞬间,治愈所有紧绷的情绪。 这段奈维尔的独白,是全书最明亮的一笔,彻底打破了秋日的萧瑟与意识流的清冷。 “一片叶子落下,是出于欢喜。 远方的钟声悠悠响起,不为告别死亡, 只为热烈、鲜活的生命而鸣。” 寻常的河畔光景,灼热日光、斑驳树影、缓缓漂流的小船, 在细腻的感知里,变成了独属于生命的盛大浪漫。 我们总习惯赋予落叶凋零、钟声别离的悲凉寓意, 可伍尔夫借文字告诉我们:万物的起落,皆是生命自在的舒展。 真正的热爱生活,从不是奔赴遥远的永恒, 而是珍惜每一个「当下存在」的瞬间。 沉浸微风、光影、人间烟火, 接纳当下的美好,热烈拥抱鲜活的自己, 这就是生命最好的状态 伍尔夫 海浪 伍尔夫语录 意识流文学 文学摘抄 治愈文案 生命美学 伍尔夫日书 每日英语 英语原著阅读","6月16日 伍尔夫《海浪》最治愈的生命独白 在疲惫的时候,偏爱读伍尔夫的《海浪》。 没有跌宕的剧情,只有散落的、温柔的瞬间,治愈所有紧绷的情绪。 这段奈维尔的独白,是全书最明亮的一笔,彻底打破了秋日的萧瑟与意识流的清冷。 “一片叶子落下,是出于欢喜。 远方的钟声悠悠响起,不为告别死亡, 只为热烈、鲜活的生命而鸣。” 寻常的河畔光景,灼热日光、斑驳树影、缓缓漂流的小船, 在细腻的感知里,变成了独属于生命的盛大浪漫。 我们总习惯赋予落叶凋零、钟声别离的悲凉寓意, 可伍尔夫借文字告诉我们:万物的起落,皆是生命自在的舒展。 真正的热爱生活,从不是奔赴遥远的永恒, 而是珍惜每一个「当下存在」的瞬间。 沉浸微风、光影、人间烟火, 接纳当下的美好,热烈拥抱鲜活的自己, 这就是生命最好的状态 伍尔夫 海浪 伍尔夫语录 意识流文学 文学摘抄 治愈文案 生命美学 伍尔夫日书 每日英语 英语原著阅读",394,情感故事,0,情感故事,治愈文案,0,31,20,raw_real_texts.csv
b257ce34e821b15e,"春天被你目光的温度灼烧,在我们怀抱中凋零

融化的春天,源自于我们的炽热。 文案 原创 青春 随笔 情感 高校诗歌创作联盟 小红书年度诗篇 暗恋 淮蕣文学社 越星水文学社","春天被你目光的温度灼烧,在我们怀抱中凋零","融化的春天,源自于我们的炽热。 文案 原创 青春 随笔 情感 高校诗歌创作联盟 小红书年度诗篇 暗恋 淮蕣文学社 越星水文学社",85,情感故事,0,情感故事,青春随笔,0,21,8,raw_real_texts.csv
eaf8c32358e56c06,"班主任是我哥...

画画的日常[话题] 老师[话题] 记录是存在感的证明[话题] 用画画记录生活[话题] 我用画笔讲故事[话题] 我的随时画[话题] 手绘日记[话题] 和老师相处[话题] 有趣的老师[话题]",班主任是我哥...,画画的日常[话题] 老师[话题] 记录是存在感的证明[话题] 用画画记录生活[话题] 我用画笔讲故事[话题] 我的随时画[话题] 手绘日记[话题] 和老师相处[话题] 有趣的老师[话题],104,日常分享,1,日常分享,日常记录,0,10,47366,raw_real_texts2.csv
85cc16a8c2a2cd71,"节后上班记录

这几天工作并不忙,却觉得心很累,比年底还累 vlog[话题] 上班下班又是一天[话题] 上班日常[话题]",节后上班记录,"这几天工作并不忙,却觉得心很累,比年底还累 vlog[话题] 上班下班又是一天[话题] 上班日常[话题]",60,日常分享,1,日常分享,日常记录,0,9,20388,raw_real_texts2.csv
356d352f4959a640,"当实习生闯祸了,老员工出动 办公室日常[话题] 脆弱打工人[话题] 工作日常记录[话题] 抽象[话题]",,"当实习生闯祸了,老员工出动 办公室日常[话题] 脆弱打工人[话题] 工作日常记录[话题] 抽象[话题]",51,日常分享,1,日常分享,日常记录,0,3,17559,raw_real_texts2.csv
c212a6d82a91447a,"吃饱了才有力气解决问题

日常vlog[话题] 练舞日常[话题] infj[话题] vlog[话题] supergirl[话题]",吃饱了才有力气解决问题,日常vlog[话题] 练舞日常[话题] infj[话题] vlog[话题] supergirl[话题],64,日常分享,1,日常分享,日常记录,0,8,12578,raw_real_texts2.csv
2edfc14ab9e6946e,"外刊精读 | 于是,我开始频繁地记录自己

外刊精读[话题] 英语晨读[话题] 英语地道表达[话题] 英语原著阅读[话题] 每日英语[话题] 英文学习[话题] 英语学习打卡[话题] 外刊[话题] 英语美文[话题] 英语写作[话题]","外刊精读 | 于是,我开始频繁地记录自己",外刊精读[话题] 英语晨读[话题] 英语地道表达[话题] 英语原著阅读[话题] 每日英语[话题] 英文学习[话题] 英语学习打卡[话题] 外刊[话题] 英语美文[话题] 英语写作[话题],115,日常分享,1,日常分享,日常记录,0,4,5185,raw_real_texts2.csv
2701571df69f1e44,"张雪峰老师说 必须学医

浪漫生活的记录者[话题] 听医生的真心话[话题] 医生[话题] 医生日常[话题] 记录吧就现在[话题] 学医[话题] 医学生的日常[话题] 当代医学生[话题] 临床医学[话题] 医学生[话题]",张雪峰老师说 必须学医,浪漫生活的记录者[话题] 听医生的真心话[话题] 医生[话题] 医生日常[话题] 记录吧就现在[话题] 学医[话题] 医学生的日常[话题] 当代医学生[话题] 临床医学[话题] 医学生[话题],109,日常分享,1,日常分享,日常记录,0,1,3151,raw_real_texts2.csv
12137197949d9485,"由于有人问我猫语到底咋说的

记录猫咪日常[话题] 猫咪日常[话题] 三花猫[话题] 长毛三花[话题] 猫语[话题] 我家宠物生视频[话题] 话痨小猫[话题] 宠物日常记录[话题] 猫语教学[话题] 猫咪和主人对话[话题]",由于有人问我猫语到底咋说的,记录猫咪日常[话题] 猫咪日常[话题] 三花猫[话题] 长毛三花[话题] 猫语[话题] 我家宠物生视频[话题] 话痨小猫[话题] 宠物日常记录[话题] 猫语教学[话题] 猫咪和主人对话[话题],111,日常分享,1,日常分享,日常记录,0,7,2045,raw_real_texts2.csv
5d36dfef1b7bccd1,"叽在中国没有工作的天~

好视频扶持计划[话题] 宠物日常记录[话题] 我家宠物生视频[话题] 宠物迷惑行为名场面[话题] 家的1%幸福效应[话题] kirilldobrachev柯林[话题] 养鹦鹉日记[话题] 鸟鸟教[话题] igg零食圈[话题] 和小鸟的贴贴日常[话题]",叽在中国没有工作的天~,好视频扶持计划[话题] 宠物日常记录[话题] 我家宠物生视频[话题] 宠物迷惑行为名场面[话题] 家的1%幸福效应[话题] kirilldobrachev柯林[话题] 养鹦鹉日记[话题] 鸟鸟教[话题] igg零食圈[话题] 和小鸟的贴贴日常[话题],138,日常分享,1,日常分享,日常记录,0,6,348,raw_real_texts2.csv
abb792a0f57ec9c1,"咪要上班

宠物日常记录[话题] 好视频扶持计划[话题] 勇敢的小猫先看世界[话题] 我家宠物生视频[话题] 今日快乐今日发[话题] 我家宠物好可爱[话题] 小猫小狗书[话题] 小猫书[话题] 小宠物大导演[话题] 没有工作的小猫猫[话题]",咪要上班,宠物日常记录[话题] 好视频扶持计划[话题] 勇敢的小猫先看世界[话题] 我家宠物生视频[话题] 今日快乐今日发[话题] 我家宠物好可爱[话题] 小猫小狗书[话题] 小猫书[话题] 小宠物大导演[话题] 没有工作的小猫猫[话题],120,日常分享,1,日常分享,日常记录,0,2,257,raw_real_texts2.csv
892ecb7caa21e3d3,生活美学[话题] 日常文案[话题] 人生的意义[话题] 每天都有值得记录的瞬间[话题] 快乐瞬间[话题] 我的生活碎片[话题] 游戏人生[话题] 人生就是一场体验[话题] 分享我的日常[话题],,生活美学[话题] 日常文案[话题] 人生的意义[话题] 每天都有值得记录的瞬间[话题] 快乐瞬间[话题] 我的生活碎片[话题] 游戏人生[话题] 人生就是一场体验[话题] 分享我的日常[话题],96,日常分享,1,日常分享,日常记录,0,5,138,raw_real_texts2.csv
904c5648b3883946,"一些灰色忧郁の文案

文案 文案馆 今日份文案分享 文案投稿 文案分享 分享文案 情绪化文案 文字也有情绪 小众文案 文案素材",一些灰色忧郁の文案,文案 文案馆 今日份文案分享 文案投稿 文案分享 分享文案 情绪化文案 文字也有情绪 小众文案 文案素材,63,日常分享,1,日常分享,今日份分享,1,93,40,raw_real_texts3.csv
a56af39bc119d5fa,"神经兮兮の抽象文案

我哪里菜了?你可不要乱说,我的水平一直这样,这游戏很难打的,有时候找找自己的原因吧,究竟有没有在努力带我? 又饿了,准备抛个硬币,如果黏在天花板上我就不吃了。 你们的歌单再小众再高级,听到荷塘月色你能忍住不化身一条固执的鱼在池塘游吗? 我根本没上头,我只是在陪她演戏,她那点小心思我能看不懂?我装作沦陷,全是我战术示弱,一切尽在掌握,别劝了。 建议大家不要猫塑自己,而是鱼塑自己。因为如果有人骂你,然后你说我也不懂喵,对方很有可能会觉得你是神经病。但如果对方骂你的时候,你两个眼睛往外张开,然后嘟起嘴巴让嘴唇接触放在一起不断的啵啵啵啵啵啵啵,对方很快就跑走了。 健康的作息固然健康,但玩命的熬夜实在精彩。 都出来聊天啊,公司有你没你都一样,群里没你可不行。 和大伙在这个群里也相处了很久了,我也可以透露一些我的个人情况。其实我的背景大到你们无法想象,这周四请我吃肯德基的人,周五不用上班。我说的。 明天请我吃肯德基的人,后天我给你们放三天假。 没有段子就解散吧,这种段子我真不好意思复制到其他群。 端午了,我小孩和老婆都过来了,最近我们少发点信息,我主动给你发信息再回哈,不发你也不要主动发哈。 今日份文案分享 抽象 朋友圈日常文案 搞笑文案 分享文案 朋友圈搞笑文案 搞笑幽默 文案分享 文案 短句文案",神经兮兮の抽象文案,"我哪里菜了?你可不要乱说,我的水平一直这样,这游戏很难打的,有时候找找自己的原因吧,究竟有没有在努力带我? 又饿了,准备抛个硬币,如果黏在天花板上我就不吃了。 你们的歌单再小众再高级,听到荷塘月色你能忍住不化身一条固执的鱼在池塘游吗? 我根本没上头,我只是在陪她演戏,她那点小心思我能看不懂?我装作沦陷,全是我战术示弱,一切尽在掌握,别劝了。 建议大家不要猫塑自己,而是鱼塑自己。因为如果有人骂你,然后你说我也不懂喵,对方很有可能会觉得你是神经病。但如果对方骂你的时候,你两个眼睛往外张开,然后嘟起嘴巴让嘴唇接触放在一起不断的啵啵啵啵啵啵啵,对方很快就跑走了。 健康的作息固然健康,但玩命的熬夜实在精彩。 都出来聊天啊,公司有你没你都一样,群里没你可不行。 和大伙在这个群里也相处了很久了,我也可以透露一些我的个人情况。其实我的背景大到你们无法想象,这周四请我吃肯德基的人,周五不用上班。我说的。 明天请我吃肯德基的人,后天我给你们放三天假。 没有段子就解散吧,这种段子我真不好意思复制到其他群。 端午了,我小孩和老婆都过来了,最近我们少发点信息,我主动给你发信息再回哈,不发你也不要主动发哈。 今日份文案分享 抽象 朋友圈日常文案 搞笑文案 分享文案 朋友圈搞笑文案 搞笑幽默 文案分享 文案 短句文案",563,日常分享,1,日常分享,今日份分享,1,94,28,raw_real_texts3.csv
465ac5c64c4c0e92,"今日份超全Procreate笔刷分享!

绘画 板绘 零基础学画画 金箔笔刷 笔刷素材 笔刷分享 厚涂笔刷 鸭风笔刷 Procreate PS",今日份超全Procreate笔刷分享!,绘画 板绘 零基础学画画 金箔笔刷 笔刷素材 笔刷分享 厚涂笔刷 鸭风笔刷 Procreate PS,71,日常分享,1,日常分享,今日份分享,1,90,8,raw_real_texts3.csv
09e109431b93cc95,今日份字体分享! 字体推荐 小米字体 字体 定制v 字体记录 字体分享 oppo 原创字体 手机美化 可爱字体,今日份字体分享! 字体推荐 小米字体 字体 定制v 字体记录 字体分享 oppo 原创字体 手机美化 可爱字体,今日份字体分享! 字体推荐 小米字体 字体 定制v 字体记录 字体分享 oppo 原创字体 手机美化 可爱字体,55,日常分享,1,日常分享,今日份分享,1,92,1,raw_real_texts3.csv
9e6b9d94ffe6b893,"每天分享一个头像44/520

今日份推荐头像 ins小众头像 高清无水印头像 今日分享 今天来点不一样的 每日分享 坚持更新中 每日更新 随便发发你随便看看 分享给大家",每天分享一个头像44/520,今日份推荐头像 ins小众头像 高清无水印头像 今日分享 今天来点不一样的 每日分享 坚持更新中 每日更新 随便发发你随便看看 分享给大家,85,日常分享,1,日常分享,今日份分享,1,95,1,raw_real_texts3.csv
4332fab92967d16d,"今日壁纸分享

你的壁纸该换了 今日份壁纸 每日壁纸分享 每日更新壁纸 高清壁纸分享 珍藏壁纸 每日壁纸 神仙壁纸 每日壁纸推荐",今日壁纸分享,你的壁纸该换了 今日份壁纸 每日壁纸分享 每日更新壁纸 高清壁纸分享 珍藏壁纸 每日壁纸 神仙壁纸 每日壁纸推荐,64,日常分享,1,日常分享,今日份分享,1,91,0,raw_real_texts3.csv
550383070643a27b,"读书笔记怎么写?

特别是小说,完全不知道怎么写读书笔记。 一点头绪都没有[叹气R][叹气R][叹气R],总感觉一本书看完,什么收获都没有,没多久可能连书讲了什么都忘记了[可怜R][可怜R][可怜R] 想试试通过读书笔记,记录下一些东西,看看能不能有些收获。 工具类的书,我一直用思维导图做笔记,感觉有时打开思维导图,还是能回忆起一些内容的,但也仅限于工具书。 小说完全不知道该怎么写,写些什么[抓狂R][抓狂R][抓狂R] 真诚希望大家刷到了,能给提个建议和方法,谢谢 阅读笔记[话题] 如何做读书笔记[话题] 读书笔记怎么写[话题] 提问贴[话题]",读书笔记怎么写?,"特别是小说,完全不知道怎么写读书笔记。 一点头绪都没有[叹气R][叹气R][叹气R],总感觉一本书看完,什么收获都没有,没多久可能连书讲了什么都忘记了[可怜R][可怜R][可怜R] 想试试通过读书笔记,记录下一些东西,看看能不能有些收获。 工具类的书,我一直用思维导图做笔记,感觉有时打开思维导图,还是能回忆起一些内容的,但也仅限于工具书。 小说完全不知道该怎么写,写些什么[抓狂R][抓狂R][抓狂R] 真诚希望大家刷到了,能给提个建议和方法,谢谢 阅读笔记[话题] 如何做读书笔记[话题] 读书笔记怎么写[话题] 提问贴[话题]",276,学习职场,2,学习职场,读书笔记,0,12,7164,raw_real_texts2.csv
ed119133b76c07d3,"戒掉焦虑的持续阅读——9、10月阅读已归档

很喜欢今年的自己,虽然看书没能让自己升职涨薪,但是再也不内耗了,有更多自己想做的事情,填满除工作之外的空白时间 9月和10月很忙,更新很少,加上10月底有特殊事情耽搁,阅读也减少了,总归是收获了好多东西 如果你也很焦虑的话,那就看书吧! 下次见咯~ 阅读记录[话题] 读书笔记打卡[话题] 阅读[话题] 阅读书单[话题] 读书系我本份[话题]",戒掉焦虑的持续阅读——9、10月阅读已归档,"很喜欢今年的自己,虽然看书没能让自己升职涨薪,但是再也不内耗了,有更多自己想做的事情,填满除工作之外的空白时间 9月和10月很忙,更新很少,加上10月底有特殊事情耽搁,阅读也减少了,总归是收获了好多东西 如果你也很焦虑的话,那就看书吧! 下次见咯~ 阅读记录[话题] 读书笔记打卡[话题] 阅读[话题] 阅读书单[话题] 读书系我本份[话题]",194,学习职场,2,学习职场,读书笔记,0,13,2936,raw_real_texts2.csv
1efb89c45ceb3816,"想问问怎么做读书笔记

小说故事类的书我一般看完了就完了 历史类哲学类的书籍 尽管读的过程中产生诸多感想与震撼 但很快回忆起来就十不存一 但是本人不太喜欢摘抄 同时也不喜欢在书上写/划线 请问如何在这种情况下保存自己的感悟/如何开始做读书笔记? 阅读笔记[话题] 读书[话题] 读书记录[话题] 阅读[话题]",想问问怎么做读书笔记,小说故事类的书我一般看完了就完了 历史类哲学类的书籍 尽管读的过程中产生诸多感想与震撼 但很快回忆起来就十不存一 但是本人不太喜欢摘抄 同时也不喜欢在书上写/划线 请问如何在这种情况下保存自己的感悟/如何开始做读书笔记? 阅读笔记[话题] 读书[话题] 读书记录[话题] 阅读[话题],154,学习职场,2,学习职场,读书笔记,0,11,1396,raw_real_texts2.csv
ce4e8e4fcec426e0,"读书笔记|5《一间属于自己的房间》

书名:一间只属于自己的房间 作者:[英]弗吉尼亚·伍尔夫 译者:周颖琪 阅读时间:2025.6.4———2025.6.13 ️ 一个女人如果要写小说,那么她必须拥有两样东西,一样是金钱,另一样是一间自己的房间。 ️ 我的讲述之中存在谎言,但也可能夹杂着一些真理。而你们,要自己找出这些真理,自己分辨其中哪些部分值得保留下来。如果你们找不到任何真理,那就把它们全部扔进废纸篓,忘个一干二净吧。 ️ 我希望,大家无论通过什么方法,都能挣到足够的钱,去旅行,去闲着,去思考世界的过去和未来,去看书做梦,去街角闲逛,让思绪的钓线深深沉入街流之中。 读书与写作[话题] 阅读笔记[话题] 读书记录[话题] 一间属于自己的房间[话题] 读书笔记[话题]",读书笔记|5《一间属于自己的房间》,"书名:一间只属于自己的房间 作者:[英]弗吉尼亚·伍尔夫 译者:周颖琪 阅读时间:2025.6.4———2025.6.13 ️ 一个女人如果要写小说,那么她必须拥有两样东西,一样是金钱,另一样是一间自己的房间。 ️ 我的讲述之中存在谎言,但也可能夹杂着一些真理。而你们,要自己找出这些真理,自己分辨其中哪些部分值得保留下来。如果你们找不到任何真理,那就把它们全部扔进废纸篓,忘个一干二净吧。 ️ 我希望,大家无论通过什么方法,都能挣到足够的钱,去旅行,去闲着,去思考世界的过去和未来,去看书做梦,去街角闲逛,让思绪的钓线深深沉入街流之中。 读书与写作[话题] 阅读笔记[话题] 读书记录[话题] 一间属于自己的房间[话题] 读书笔记[话题]",339,学习职场,2,学习职场,读书笔记,0,15,330,raw_real_texts2.csv
cf18aa5703c6a2fc,"读书笔记最没用了

发现发纯粹读书笔记,观看寥寥无几,赞更是屈指可数,但是其他笔记。 海猫、无暖还有点热度。 是时候改变策略了[笑哭R] 哲学[话题] 笔记[话题] 学习笔记[话题] 读书[话题] 朝哪个方面改进? [投票]",读书笔记最没用了,"发现发纯粹读书笔记,观看寥寥无几,赞更是屈指可数,但是其他笔记。 海猫、无暖还有点热度。 是时候改变策略了[笑哭R] 哲学[话题] 笔记[话题] 学习笔记[话题] 读书[话题] 朝哪个方面改进? [投票]",112,学习职场,2,学习职场,读书笔记,0,14,85,raw_real_texts2.csv
