post_id,title,content,like_count,category,keyword
1,雨季不再来 - 小红书,没有任何词句能比“雨季不再来”更好的形容我每次回顾青春往事时的心情。 	 生命中曾奉为圭臬的沉默、不能开解的结、和自以为天长地久的隐痛居然都随着雨季的结束消失殆尽。曾折磨我不得安睡的理想和恐惧如今成了我生命中平静的湖泊。我依旧追寻它们，却不再迷恋。 	 在偶尔的书写和表达以及更长时间的沉默中，会梦见高中时的人和事。我最想逃离的自己，你如今过得还好吗？ 	 原来一切就像我曾写过的那样，在没有生长痛的夜晚，人才能品味到青春的回甘。 —— 亲爱的echo，感谢你写下《雨季不再来》 	 #随笔 #原创随笔 #我会被文字打动 #青春 #girlstalk #爱是 #三毛 #icity #漫长的雨季 #回忆,7077,情感故事,青春随笔
2,“二十几岁的生命底色是混乱与懵懂” - 小红书,我始终不认为，二十几岁是人生的黄金时代。它像是一场突如其来的旋风，带着混乱和痛苦劈头盖脸地冲向每个渴望简单幸福的年轻人。生命底色在熔炉中被重塑，伤痕刻在灵hun深处，变成了只有自己能读懂的语言。 - 到二十几岁，我才不得不承认，这段生命的颜色充满混沌与绞痛。我不会明白何为伤痕，何为焚烧殆尽后的自我只能靠暗号慰藉。我不会懂得成年人如何在一次又一次溺水般的经历中试图靠岸，zui终却不得不承认，岸不一定存在。又或许，岸并不是我们想象中的那个样子。 #原来我们就是青春 #治愈 #成长 #随笔 #迷茫与成长 #小红书原创随笔 #永远会被这段文字打动 #行走二十岁 #情感 #约稿展示  @小红书创作助手 @热点薯 @校园薯,4859,情感故事,青春随笔
3,只是那时，歇斯底里的声音覆盖住了意义 - 小红书,只是那时，歇斯底里的声音覆盖住了意义。 	 学生时代是喧豗而轰然的。响了很久的上课铃在老师的谩骂声中渐渐消失，我们只能用笔尖反复摩挲着纸面来转移注意力。苦口婆心的教诲听了无数遍，却还是选择在大道理面前沉默，陷入无边的题海。 	 晚自习时，各个班级里的英语听力交错播放。教室里的灯光明晃晃的，与窗外的夜幕截然不同。车水马龙在耳边萦回，鸣笛声不断，成为一种属于晚自习的背景音。每每此刻，我总是会在心里默默想着：可不可以，把我，连同我的梦想一起带走？ 	 白昼里那些被埋藏的情绪，被淹没的委屈，在此刻也纷纷复活。我们开始在心里喋喋不休，有些话欲言又止，化为眼泪掉落。 	 但那是自由也有迹可循。夜阑人静时，走廊里依旧人满为患，昏黄的灯光将梦想的影子拖得好长好长。我们总是高谈阔论着，未来与以后，岁月与流年，总觉得多年后听起来也像是弹指之间。 却忘了，此时此刻，愿景与如今重叠的瞬间，才是最伟大的永远。 	 我们歇斯底里，总在故事的最后，才明白苦海的波澜起伏。 	 #Icelume #文字 #随笔 #我们永远在这里 #学生时代 #青春 #爱 #苦海 #学海无涯苦作舟 #那时的我们不懂永远,476,情感故事,青春随笔
4,喜欢少年。 - 小红书,喜欢情义与朦胧的爱诞生在少年时期，不知天高底厚，纯粹青涩的如纽扣一般紧紧扣着。未经世俗，骨头连着皮肉也正值青春。她们偶尔肆意妄为，蹬着单车追风的步伐，臂弯里夹本杂志漫画，看什么不爽就嚷嚷着要扁谁。后坐的吃了一嘴风，发丝撇到脸庞。少年们的叫喊就像山的起伏，起起落落。跟本不齐，也不着调。让一切去死吧，不知谁说的，也不在乎谁说的。思绪过去了，你我靠在一起，脊背的骨头仿佛在这一刻蓬勃生长了起来。嘴里说着未来，现在和过去。少年啊，就是一盏“有气”的亮灯，一盏会熄灭的灯。到油尽干枯的时候，她会走马灯花地回想那梦幻的一幕吗？ 	 #随笔 #原创随笔 #日常随笔 #原创文字,168,情感故事,青春随笔
5,人类最不擅长的事是说再见 - 小红书,人类最不擅长的事是说再见。 	 “再见”这个字真的好神奇。它太轻了，像是从口齿之间轻飘飘地叹出来的，飞到未知的远方。它又太重了，落在似水年华里，像一滴积攒已久的泪珠坠落到轻薄的纸上，晕开的是我们的百感交集。又像是重若千钧的陨石毫无征兆地降落在土地上，留下难以填平的沟壑。 	 “再见”说出口时，周围的空气仿佛都染上了悲情的色彩。我感受到，江海在吐纳，世界在叹息，宇宙在无情地吸吮着时间。 	 我想，再见这个词，大抵也有很悠久的历史吧。它囊括了太多太多，跨越了王朝的更迭和四季的变迁，从光年之外走向我们眼前，见证着我们从一开始的犹豫不决到后来的落子无悔。 	 毕业典礼那天，很多事情被带上了“最后一次”的前缀。最后一张合照，最后一次拥抱，最后一次和你说再见，最正式、最有温度的再见。我看着你眼睛里的我自己变得越来越小，看着你的背影，默默地说出了道别的话语。 随后迎来的，是泪眼婆娑。 	 “再见”这个词，早已穿透了我们生命的涟漪，穿梭在跌宕起伏之间。 	 我们该说再见，还是再也不见呢？ 	 #文字 #随笔 #我们还会再见的 #人总要离别 #Icelume #爱 #青春 #再见 #离别 #所以说永远多长,5141,情感故事,青春随笔
6,《苦橙子》｜致每个女孩失声的青春期 - 小红书,“当语言失效时，身体便开始尖叫” 这篇文字写起来很痛苦，但我希望大家都能自己治愈自己，咽下苦橙子，用声音代替咳嗽， 让那些“未发出的声音”都可以被听到#原创随笔 #原创短篇小说#青春期 #谁的青春不迷茫  #girltalk #软柿子疯起来,4617,情感故事,青春随笔
7,我抓住青春这枚鱼脊的尾梢。 - 小红书,冷鲜奶与青提味道的啫喱，我们初遇的夏季，爬过森绿色的天梯再淋雨跑到火车站，同汽水一般酸的冰荔枝终于也消弭在了饱和着迪斯科的一九九九。我载着橙红年代的太阳，手腕上那截鱼脊链磨得比珍珠还白，明晃晃地将爱情的淤青掩藏。张**跟我躺床上的时候就喜欢抓住这里，要咯得我挤出血痕，要直至教会我喊爱为止。他说我看着情歌也能三押、风流倜傥的，骂起人来流利，讲起爱来却舌头打结，问我是不是存心针对他。 	 冤枉吧我当然没有。随后我们就都缄默了，活脱脱一副淡如水的样子在黑夜里凝视着对方，任凭summer time这段青稚以灼烫来舔舐我们。 	 漂泊在海湾的人总会不可避免地彻夜忖思起三个问题：幸福、爱与以后。怎么定义幸福。什么叫做爱。以后又如何。将生命喻作漫长的旅途时，我们或许并未预设下问题的答案，以至于这就成了一门哲学，而我们将花费永远去探讨。又说到“永远”，永远是青春期里的高频词。Never，我们通常是这样解释它的。 	 #文稿 #随笔 #原创 #小红书年度诗篇,358,情感故事,青春随笔
8,“祝我们仍有勇气做各自命运的句点” - 小红书,我当然知道我们还会在此后的二十多岁中淋雨、痛哭、失眠，或许将一个人行色匆匆跋涉过风雪天，孤身在外的时刻也想过故乡的云会不会和我漂泊得同样遥远。但还好一路晦明更迭，庸碌诗行里我们仍有勇气做各自命运的句点，仍然愿意从明天起喂马、劈柴、周游世界，在穿过迷茫与失意后还将去再爱一遍人间。 	 #原创 #随笔 #情感 #文字 #成长 #祝福 #我会被文字打动 #青春 #infj #infp,7600,情感故事,青春随笔
9,我的青春大约是一场太阳雨。明明艳阳还在天上挂着，光却已变得潮湿，一粒粒雨丝砸在皮肤上，又热又凉。 	 风挟着水汽包裹全身，我看见雨珠在阳光中穿过，亮晶晶的，像无数短暂的流星，跌碎了，在水泥地上洇开深色的痕。有人在笑，笑声撞在雨线上，碎成更细的沫，飞走了。 	 过去总以为痛楚是件惊天动地的事，必要电闪雷鸣。后来才懂，最深的怅惘原是这般晴光潋滟的好天气里，无端落下的一阵雨。分明周身都被照得透亮，发梢却坠着水珠，擦不干，抹不尽。一抬头，日光刺目，只好又低下头去。 	 我们都行在这样一场雨里，衣裳半湿，在明亮的雨丝中辨认彼此湿润的轮廓。想说的话被雨声盖过，只剩下模糊的口型和一双双被水光洗得异常清亮的眼睛。 	 雨忽然就停了。水洼里倒映着重新变得干燥的天空，亮得晃眼。只有树下偶尔摇落的一两滴冷水，顺着脖颈滑进衣领，叫人蓦地一惊，想起方才那一场太阳雨是真的来过。 	 而青春已像地上一汪一汪的光，蒸发得无声无息。 #青春是一本仓促的书 #青春疼痛文学 #文字是终身热爱 #抽象 #深夜emo - 小红书,我的青春大约是一场太阳雨。明明艳阳还在天上挂着，光却已变得潮湿，一粒粒雨丝砸在皮肤上，又热又凉。 	 风挟着水汽包裹全身，我看见雨珠在阳光中穿过，亮晶晶的，像无数短暂的流星，跌碎了，在水泥地上洇开深色的痕。有人在笑，笑声撞在雨线上，碎成更细的沫，飞走了。 	 过去总以为痛楚是件惊天动地的事，必要电闪雷鸣。后来才懂，最深的怅惘原是这般晴光潋滟的好天气里，无端落下的一阵雨。分明周身都被照得透亮，发梢却坠着水珠，擦不干，抹不尽。一抬头，日光刺目，只好又低下头去。 	 我们都行在这样一场雨里，衣裳半湿，在明亮的雨丝中辨认彼此湿润的轮廓。想说的话被雨声盖过，只剩下模糊的口型和一双双被水光洗得异常清亮的眼睛。 	 雨忽然就停了。水洼里倒映着重新变得干燥的天空，亮得晃眼。只有树下偶尔摇落的一两滴冷水，顺着脖颈滑进衣领，叫人蓦地一惊，想起方才那一场太阳雨是真的来过。 	 而青春已像地上一汪一汪的光，蒸发得无声无息。 #青春是一本仓促的书 #青春疼痛文学 #文字是终身热爱 #抽象 #深夜emo,593,情感故事,青春随笔
10,天地霏雨  人与人 藕断丝连 - 小红书,#文字 #随笔 #原创 #情感共鸣 #inmyfeelings #fyp #青春 #intp#情感树洞,200,情感故事,青春随笔
11,然夏天仍是夏天 - 小红书,青春十纪的故事似乎总聚焦于具体的夏天，朦胧又清晰。夏天是自由蓬勃，像被人抱着转圈一样热烈，生命力疯长。夏天是漫出泡沫的啤酒，是吹来满足的海风，是散步偶遇的浪漫，当然耳机里还得放着summertime的live版。 	 我浸泡在初夏，却对将至的热夏没有半点期待。我对夏天最真实的记忆是无尽的雨季，深蓝色气旋压得人喘不过气来。柏油马路的沥青味，潮湿的霉味，阴沟反臭，人海中的肉夹气，恐怕五点早起的小鸟闻了都想吐，蚊子闻了都吸不动血。或许因为在深冬出生，夏天总让我感到烦闷，粘稠，难以扎根。流不完的汗与泪，意识被烈阳晒成空白，想法在炽热中收窄。我像闯入家中的蜜蜂，一次次撞在生硬的玻璃上，窗户似铁丝网般将我包围。而且似乎夏天一过我就得长大，然而夏天难以走出，死结未解，新生未临，在一双双眼睛下，艰涩又尴尬。 	 三岛说，“夏天”这个词本身就使人联想到“死”和“糜烂”。晚夏明丽的霞光，也含着糜烂的火红。我只奢求在这样的季节能活得流利一点，能躲在凌霄花后，永远“不要被命运找到”。 #文字 #感想 #热门 #夏天 #讨厌夏天,1949,情感故事,青春随笔
12,我会亲自洞穿你沉重的青春 - 小红书,#随笔 #文字 #感受 #关于我的墓志铭 #但在死亡之前 #如果还能见到你 #还想和你谈论宇宙和天空 #话虽如此 #希望大家得偿所愿一切顺利,170,情感故事,青春随笔
13,韩国SNS | 与暗恋告别少女 - 小红书,#韩国SNS #初恋回忆 #青春遗憾 #暗恋日记 #错过的人 #情感独白 #青涩爱情 #学生时代的恋爱,4105,情感故事,青春随笔
14,“夏天适合畅想明亮” - 小红书,我们不要辜负长夏，不要辜负白昼和晴天。 	 #随笔 #夏天 #成长 #高校诗歌创作联盟 #信件 #肆意地感受夏夭 #友谊地久天长,360,情感故事,青春随笔
15,我不再畏惧命运了 - 小红书,我见过最虔诚的心，在每双被命运淋漓过雨季的眼中 	 年轻的游子总以泪水为刻度编年撰史，为博取命运一次恻隐反复践行，学习以尚且单薄莽撞的勇气驯服这场沉重预言。 	 可是命运，天地之大，你想要我漂泊至何处？ 	 我曾经天南海北的去顿悟，惊天动地的去追逐，做天真的棋子，做蒙尘的明珠，在岿然而漫长的劫难中惘然自处，遥遥等待一场天赐的福咒；我曾经流逝，眼见一颗菲薄的心在你无声默视中消弭殆尽，变成蛰伏在身体深处一枚图腾；我曾经以为你慷慨辽阔，只要身处其中，不必立经幡也闻祝福，不必拜庙宇也受庇佑。直至血流如注，长泪不止，才惊觉与你相较，我不过是五百年前，烟消云散之后一枚愚昧顽石。 	 命运教我一身孑然，疼痛欲绝，教我固执的生与死，忧患亘久蛰伏，这许许多多的失落与交付，漂泊无岸的尽头，终于懂得所有断裂是为了生长，所有远行是为了回望。 	 从此我不再畏惧命运了，我相信所有的雨季都是为了回到最初的洋流。 #文学 #文字 #命运的子弹正中眉心 #原创 #随笔 #约稿 #命运 #infp #情感树洞 #时过境迁物是人非,7246,情感故事,青春随笔
16,那是我记忆的蒙太奇 - 小红书,我生命的厚度还不足以赋予我连贯的意象。 即便是最恳切的情绪，盛到纸张上好像也会只剩几行句子的热度。一切都在象征性地弥散，关于往日的印象，那些交叠的手掌、那些恬静的拥抱、那些能由一段简单旋律牵引出的后知后觉，像燃烧的意象被海浪击碎。 即使在夏天，我口中仍然呼着短促的雾气，那是我记忆的蒙太奇。 #文字 #随笔 #原创 #碎碎念 #我会被文字打动 #记忆 #生命中的夏天 #总会消逝 #生命的厚度 #单薄如纸,5480,情感故事,青春随笔
17,期末复习总让人有灵感 - 小红书,复习的时候，打游戏，会心慌，放下手柄，觉得时光虚度。但写东西不会，像是回到高中晚自习对着草稿纸发呆的时候，特别满足。 #随笔 #期末复习#记录#bg#薄荷,5404,情感故事,青春随笔
18,“与珍贵的人一起澎湃。” - 小红书,付出爱是我的本能，我喜欢为在意的人事激发所有感官，我的眼泪是滚烫的熔岩，我的心疼是冲破屏幕的安抚，我的笑容是因为幸福。我依然拥有敢于不顾一切的能力，哪怕结局是悬崖，我也没想过回头。 因为我知道，全身心爱上什么是人生太难做到的事情，此刻我的生命与你们有关，我不要无味地来去，我要斩钉截铁地留下痕迹。 #我被文字打动 #infj #文案 #原创 #情感 #随笔 #追星 #青春 #cp #爱自己,4353,情感故事,青春随笔
19,“趁夏日未完结 趁我们还深信不疑明天” - 小红书,像行过雨水满溢的节气却只持一柄单薄旧伞，过往的刻痕遗留下湿漉漉的脉络，拂不尽的水汽如同年复一年困住我的嶙峋山峦。 我依旧被反复困在那座山。 	 #原创 #随笔 #情感 #文案 #文字的力量 #青春 #遗憾 #毕业 #浪漫生活的记录者 #infj,1095,情感故事,青春随笔
20,我从何时开始爱你 - 小红书,去谈论开始喜欢一个人时间是件很困难的事情。 从这端遥遥地望向开始那端，一种近视的模糊，本能的话语缺失。很难找到开始的那个的端点，汹涌的爱意来临之前也不会有任何体感上的征兆，蚂蚁不会在马路上搬家。 所谓喜欢，更像是在乌鸦喝水，每一个心动的时刻是一颗石子，一颗一颗投进去。当水位终于上升到满溢，水流顺着杯壁作流泪状汩汩留下，才心下轰然，觉察那是爱。 	 #文字 #我被文字打动 #爱情 #暗恋 #爱永远是突然降临的 #原创,7712,情感故事,青春随笔
21,春天被你目光的温度灼烧，在我们怀抱中凋零 - 小红书,融化的春天，源自于我们的炽热。 #文案 #原创 #青春 #随笔 #情感 #高校诗歌创作联盟 #小红书年度诗篇 #暗恋 #淮蕣文学社 #越星水文学社,8,情感故事,青春随笔
22,感觉帖主说的14岁不一定真的指14岁，它可以是15岁16岁甚至20岁21岁，可以是人生任何一个阶段的夏日——只要这个夏日足够美好，只要陪在身边的人或者你本人甚至那段日子足够耀眼，那么日后每一个夏日都会开始怀念，但转念一想，当下我们也能创造一个新的值得怀念的夏日。人生尚未迟暮，万事皆为序章 #即使我们成为大人 #年少时的我们 #日常随笔 #青春里的遗憾 #原创随笔 #遗憾的青春 #原创文章 #小红书原创随笔 #学生时代的暗恋 #随笔 - 小红书,感觉帖主说的14岁不一定真的指14岁，它可以是15岁16岁甚至20岁21岁，可以是人生任何一个阶段的夏日——只要这个夏日足够美好，只要陪在身边的人或者你本人甚至那段日子足够耀眼，那么日后每一个夏日都会开始怀念，但转念一想，当下我们也能创造一个新的值得怀念的夏日。人生尚未迟暮，万事皆为序章 #即使我们成为大人 #年少时的我们 #日常随笔 #青春里的遗憾 #原创随笔 #遗憾的青春 #原创文章 #小红书原创随笔 #学生时代的暗恋 #随笔,28,情感故事,青春随笔
23,我们无法预知某一瞬间的价值直到它成为回忆 - 小红书,"- 	 看了余华的节目，他谈到青春，真是让我又哭又笑。 	 在余华看来，人的记忆是有选择性的，青春也是可以自己定义的，只要让你愿意记住的，就是青春的起点。 	 他心里的青春，从27岁发表小说开始。27岁以前天天给人拔牙的那段人生他无法称之为""青春""。年轻时他也曾怀揣成为歌唱家的梦想，每天凌晨到海边练声，反倒被村里人误以为山中闹👻，只得狼狈放弃。 	 可他说，正是那些不切实际的梦想，才让青春显得生机勃勃。倘若每个梦想都很实际，那就不叫梦想了。 	 余华也有青春的遗憾。有次搬家时嫌书信麻烦，烧掉了一大箱的信件，其中有十多封史铁生的信。那部分珍贵的记忆没有了，这长久的懊悔，成了他回忆里特殊的一段。 	 - 	 关于青春，40岁的仁科认为，此时此刻便是一个人的青春；精 选 创作者特厨隋坡坦言，自己没有上过高中，十八岁误打误撞进入后厨，选择在烟火炉灶里开启了人生篇章。 	 他们的青春都没有被年龄所框住。 	 所以《一个文学的午后》让我想明白了：不必纠结年少碌碌无为，也不用困在过往的缺憾里内耗。我们可以筛选记忆，和灰暗的过往和解、放下糟糕的从前。 	 人生没有迟到的青春，每一个奔赴热爱的当下，都能成为青春崭新的起点。 	 #余华 #一个文学的午后 #青春 #青春回忆 #人生感悟 #文字的力量 #2026高考季 #高考前最后叮嘱",163,情感故事,青春随笔
24,我以为我不会怀念那个夏天 - 小红书,我的青春如此普通，我的青春如此苦涩，我的青春啊，我为什么还是会怀念你#原创 #RED新生代创作大赛 #文字复兴单元 #回忆涌上心头 #怀念那年夏天 #那年的夏天 #怎么不怀念呢 #高中 #高中回忆录 #我以为忘了想念,33,情感故事,青春随笔
25,“成长是偷走夏天的小偷” - 小红书,我也以为夏天会慢慢变好的，树木会更葱郁，阳光会更干净，风声和雨声清晰又动听，直到岁月从我眼前奔走而过，年少时亲手设计构筑的夏天彻底崩塌，烟尘四起。我没有呜咽，没有嚎啕，也没有歇斯底里。直至此刻，我已经变得平静、柔顺，也终于确信：成长是偷走夏天的小偷，所有盛大的幻想终究是难以敌过时间和现实的刀刃。 	 时间从十八岁碾过、撕扯过，留下了很多细密的疼。夏天是闷热的、潮湿的，蝉鸣是吵嚷的，我停止了一切幻想，接受了夏天只是夏天的真相。 	 夏天，只是一个季节。 	 #夏天 #成长 #遗憾,2315,情感故事,青春随笔
26,“我的青春是朴素的” - 小红书,#云序言 #淼嘉恋专属话题 #随笔 #青春是一本仓促的书 #这就是青春 #那是我再也回不去的青春 #青春是那么美好 #我的青春落幕了 #青春是一场盛夏 #我的青春回头看了我一眼,21811,情感故事,青春随笔
27,在那个渗透你的气息的季节。 - 小红书,在那个渗透你的气息的季节，​淡蓝的衬衫被附着上桃子的香气。 ​那个夏天很短暂，但似乎又是漫长的，因为白天夜里无时无刻不弥漫着你的气息。 ​我们在那个淡黄的沙滩，蒸发着情感，交融着爱意。蓝白相间的条纹短袖，延伸出你均匀年轻的双臂，多么可爱，多么单薄，像母亲赠予妹妹的陶瓷娃娃，我渴望轻轻触摸，或画上海的样子。 那时什么都包围着你，阳光，海浪抑或是我，那时我只看着你，我的一切都从你那里得到。 我们用青铜交织着古铜色的雕塑手臂，在海浪拍打着那片沙地时，在笑看彼此时，握手言和，不知道你的手上，是否会粘上锈迹。 ​我们在草地上铺散开，绿草从你的脖颈间生长出来，你会有青草的味道，会有阳光的温暖。它们和着微风淅淅沥沥的掠过你的脸颊，踏过你的双眸，你像个顽童一样，在我身上蹭来蹭去。我闻着你袖口的味道，我听到你在呼唤我的名字。 在树荫下葱郁的你，如杏树结果般的你，跳入泳池就化成水的你，变成无数条鱼儿的你，我爱这样全部的你。 在那个夏天的夜晚，我们一起蔓延，一起绵长地溺毙在这彼此的温柔中。 我只想紧紧拥抱着你，让我不可豁免的爱全都给予你，即使是我多年后全部的泪水，也要为你化为一条河，再看看你的清澈，再容容你的泪水，也许可以用你的名字来命名。也许可以，以你的名字来呼唤我。 这样如此的你。#生活美学 #随笔 #原创随笔 #文字 #infp #请以你的名字呼唤我 #同人文 #文字 #人生流淌在诗歌里 #夏天,174,情感故事,青春随笔
28,“我们的被子再也晒不出二十岁的味道了” - 小红书,那时候不懂什么叫无忧无虑，只知道中午趴在被子上睡一觉，第二天的数学课就不那么难熬。 眼睛闭上，鼻尖蹭到被子，扑面而来的就是那种干净又温柔的味道：阳光、洗衣粉、风吹了一上午的尘土，还有不知道从哪里飘来的梧桐叶气味。 你说不清它是什么，只知道那是“安心”的味道。 	 我们真正怀念的，是那段被阳光认真对待的日子。 而现在轮到我们自己，去认真对待，眼前仍在继续的生活。 #治愈 #成长 #情感 #原创随笔 #随笔 #校园 #只道当时是寻常 #原来我们就是青春 #文字控,161,情感故事,青春随笔
29,“如果我们的因果注定折散于十七岁长夜” - 小红书,我或许就不会轻易提及离别。 	 #原创 #随笔 #情感 #文案 #文字的力量 #暗恋 #遗憾 #青春 #infj #infp,16068,情感故事,青春随笔
30,現在妳是💧 - 小红书,存一則給之前的朋友寫的一本字書 	 佩服自己创作这些文字的时候实在是艰难但也还是整合了出来。以前自己真的是一个很喜欢记录很爱表达自己的人 雖然很爱哭会把自己的情绪表达发泄出来。 上高三我几乎每天都能输出好多文字，现在一切变得轻盈自由却忘了当时的自己是如何写下那般深刻的文字的。是因为太幸福了吗… 现在的我拥有一种重新感知这个世界的错觉。 #inmyfeelings #文字 #拾柒,150,情感故事,青春随笔
31,6月16日 伍尔夫《海浪》最治愈的生命独白 	 在疲惫的时候，偏爱读伍尔夫的《海浪》。 	 没有跌宕的剧情，只有散落的、温柔的瞬间，治愈所有紧绷的情绪。 	 这段奈维尔的独白，是全书最明亮的一笔，彻底打破了秋日的萧瑟与意识流的清冷。 	 “一片叶子落下，是出于欢喜。 远方的钟声悠悠响起，不为告别死亡， 只为热烈、鲜活的生命而鸣。” 	 寻常的河畔光景，灼热日光、斑驳树影、缓缓漂流的小船， 	 在细腻的感知里，变成了独属于生命的盛大浪漫。 	 我们总习惯赋予落叶凋零、钟声别离的悲凉寓意， 	 可伍尔夫借文字告诉我们：万物的起落，皆是生命自在的舒展。 	 真正的热爱生活，从不是奔赴遥远的永恒， 	 而是珍惜每一个「当下存在」的瞬间。 	 沉浸微风、光影、人间烟火， 	 接纳当下的美好，热烈拥抱鲜活的自己， 	 这就是生命最好的状态✨ 	 #伍尔夫 #海浪 #伍尔夫语录 #意识流文学 #文学摘抄 #治愈文案 #生命美学 #伍尔夫日书 #每日英语 #英语原著阅读 - 小红书,6月16日 伍尔夫《海浪》最治愈的生命独白 	 在疲惫的时候，偏爱读伍尔夫的《海浪》。 	 没有跌宕的剧情，只有散落的、温柔的瞬间，治愈所有紧绷的情绪。 	 这段奈维尔的独白，是全书最明亮的一笔，彻底打破了秋日的萧瑟与意识流的清冷。 	 “一片叶子落下，是出于欢喜。 远方的钟声悠悠响起，不为告别死亡， 只为热烈、鲜活的生命而鸣。” 	 寻常的河畔光景，灼热日光、斑驳树影、缓缓漂流的小船， 	 在细腻的感知里，变成了独属于生命的盛大浪漫。 	 我们总习惯赋予落叶凋零、钟声别离的悲凉寓意， 	 可伍尔夫借文字告诉我们：万物的起落，皆是生命自在的舒展。 	 真正的热爱生活，从不是奔赴遥远的永恒， 	 而是珍惜每一个「当下存在」的瞬间。 	 沉浸微风、光影、人间烟火， 	 接纳当下的美好，热烈拥抱鲜活的自己， 	 这就是生命最好的状态✨ 	 #伍尔夫 #海浪 #伍尔夫语录 #意识流文学 #文学摘抄 #治愈文案 #生命美学 #伍尔夫日书 #每日英语 #英语原著阅读,20,情感故事,治愈文案
32,韩国文学温馨疗愈的句子… - 小红书,首尔青坡洞有一家叫Always的便利店，它always商品短缺、always人手不足，被街坊邻居吐槽是“蕞不便利的便利店” 	 可就是这样一家“不便”的小店，却成了无数失意者的落脚地： 	 失忆流浪汉独孤，从流落街头到成为夜班店员，笨拙却真诚，用一碗热饭团、一杯玉米须茶，悄悄接住每个崩溃的人； 	 毕业即失业、焦虑到神经衰弱的“首漂”，在便利店的烟火气里，慢慢找回前行的勇气； 	 生意濒临倒闭、却固执不肯做外卖的烤肉店老板，在几句唠叨的开导中，解开了心结； 	 叛逆又孤独的高中生，在这里找到了逃离压抑家庭的小小角落，重拾对生活的热爱… 	 作者金浩然的笔触很细腻，喜欢看《请回答1988》或者《深夜食堂》的小宝们，建议你们去看这本《不便的便利店》！！ 	 ps：每次看到美食描写的时候我特别希望自己旁边有一份炸鸡🍗...书摘图片我放在下面！ 	 #infp #书摘 #金句 #文学 #韩国文学 #治愈 #情感共鸣 #阅读马拉松 #惊艳到你的句子 #我会被文字打动,692,情感故事,治愈文案
33,一些充满能量的句子3.0✨ - 小红书,最后，应该向前，继续向前 我期待这个春天。 #我被文字打动 #文字的力量 #句子分享 #自我成长 #高能量 #有力量的话 #磁场 #治愈 #infj,4784,情感故事,治愈文案
34,生命感 淡淡 文案 - 小红书,#生命与自然 #文案 #温柔系治愈文案 #infj的世界 #治愈文案 #忧郁感 #生命力 #分享文案 #文案分享,1985,情感故事,治愈文案
35,更大的世界会稀释痛苦，也会稀释爱。 - 小红书,原作者：@梁州 	 多年前的夏天，在大树下第一次听见蝉鸣时喜悦的时刻，已然是上个世纪的回望了。更大的世界会稀释痛苦，也会稀释爱。 	 #阅读 #女性成长 #分享 #明亮的夜晚#知识 #生命的意义在于感受 #那份具象的爱 #慢慢理解世界 #这个世界会好的 #爱我缓慢向上的勇气,24498,情感故事,治愈文案
36,‧₊˚柔软细腻の全肯定文案 - 小红书,៷>ᴗ<៷谢谢饱饱们的点赞收藏 爱你们🫶🏻 	 1.眼泪和坚持一样伟大 	 2.可以脆弱 可以是不完美的 	 3.你在的话 下雨也是一种好天气 	 4.如果有人否定你 那我加倍肯定你 	 5.你的心是一团棉花 你落泪它就会变得湿重窒息 你要多笑一笑 像晴天把它晒蓬松 	 6.我看见你 我相信你 我理解你 我支持你 我爱你 	 7.你就是一个很好很好的人啊 遇见你我真的很幸福 	 8.你是全世界最棒的小孩 我希望你如明媚的骄阳 散发着自信与光芒 不要像阴天里没晒好的小被子 潮湿而沉闷 	 9.允许自己熬夜 允许自己把衣服在椅子上堆成小山 允许自己连续听一首歌五十遍 允许自己原谅一个人之后又倒戈 允许一直想念 允许没有交集 允许一切发生 	 10.你偏爱自由那就祝你远走高飞 你想要风光无限那就祝你得偿所愿 倘若你想两全其美 我也觉得没有问题 你本就该如此圆满 	 11.生命没有那么多意义 祝你生动 祝你有1万次闪耀和哭泣 祝你是你 	 12.不和任何人比较 永远站在自己这边 下定决心做一个幸福主义者 #文案素材分享 #今日份文案分享 #温柔系治愈文案 #温柔小众文案 #小众高级文案,1128,情感故事,治愈文案
37,我要稳稳的幸福 - 小红书,自存一些有生命力和幸福感的文案！！#我要稳稳的幸福 #做坚定的幸福主义者 #愿我们都能站在幸福里 #文案馆 #文案分享 #文案,10159,情感故事,治愈文案
38,一些幸福的meme🍀 - 小红书,我喜欢淡淡的生活 淡淡的情绪 淡淡的心情和简略的语言 就像雨滴落在地面没有任何痕迹 我喜欢这样平静的生活 淡淡的就会减少很多的痛苦 淡淡的就顺顺的 #韩语meme#幸福#幸运#分享图片#淡淡的幸福,1387,情感故事,治愈文案
39,李娟真的太会写了，这段看得我泪流满面😭 - 小红书,我不得安宁。 无论生活在多么偏远僻静的地方， 我的心都不得安宁。 我最嘈杂，最贪婪。 我与眼下这世界格格不入。 眼下世界里，青草顶天而生， 爬虫昼追日，夜逐月。 风是透明的河流，雨是冰凉的流星。 只有我最简陋，最局促。 我酝酿出一份巨大的悲哀， 却流不出几行眼泪。 我全面坦露自己的软弱， 捶胸顿足，小丑般无理取闹。 可万物充耳不闻。 我无数遍讲诉自己的孤独， 又讲诉千万人的万种孤独。 越讲越尴尬，独自站在地球上，无法收场。 ——李娟《遥远的向日葵地》 #读书 #情感 #孤独 #美文#文学 #书籍#李娟 #治愈书单 #好句摘抄分享 #遥远的向日葵地#我被文字感动了 #文学的力量 #infj #治愈系散文,20905,情感故事,治愈文案
40,好喜欢这一句话 - 小红书,- 晒透、吸饱这世界的丰盛。 Bask to the full and soak up the abundance of the world. - “晒透、吸饱这世界的丰盛。被感召着越走越远，直至我的小径没入黑暗。” 我想，固执的迈入这生命，然后，追着光，迎着风，热烈肆意的走一遭，活一次，最后滚烫着离开，就是我们来到这个世界的意义吧。 - #大大方方做自己 #我会被文字打动 #文字的力量 #每日分享 #中英双语 #读书 #文案 #治愈 #成长 #Allin我自己,627,情感故事,治愈文案
1,雨季不再来,没有任何词句能比“雨季不再来”更好的形容我每次回顾青春往事时的心情。 	 生命中曾奉为圭臬的沉默、不能开解的结、和自以为天长地久的隐痛居然都随着雨季的结束消失殆尽。曾折磨我不得安睡的理想和恐惧如今成了我生命中平静的湖泊。我依旧追寻它们，却不再迷恋。 	 在偶尔的书写和表达以及更长时间的沉默中，会梦见高中时的人和事。我最想逃离的自己，你如今过得还好吗？ 	 原来一切就像我曾写过的那样，在没有生长痛的夜晚，人才能品味到青春的回甘。 —— 亲爱的echo，感谢你写下《雨季不再来》 	 #随笔 #原创随笔 #我会被文字打动 #青春 #girlstalk #爱是 #三毛 #icity #漫长的雨季 #回忆,7077,情感故事,青春随笔
2,她是我十七岁左胸口的一拓淤青。,写一点青橘味的、爱与伤痛辨不分明的高中时代，两个女孩子的故事。 - “如果你看我的电影/听我爱的CD/如果你能带我一起旅行。” “如果你会开始相信/这般恋爱心情/如果你能给我如果的事。” ——范玮琪/张韶涵《如果的事》 - 看向她的时候发现她也正看向我，眼睛黑白分明，专注得仿佛整个世界里只有我的身影。对视了几秒后，我们不由自主地笑起来。于是我的心动和无措被很好地掩饰，在很久很久之后我想起它们，它们才会被这样定义。而她是我十七岁左胸口上的一拓淤青，只有我走出了那些季节，才会意识到自己止步不前的种种，承认自己不够坦诚的内心，以及离开她后我后知后觉的疼痛——但我也同时知道，是她让我见到了与过去全然不同的四季，让我开始相信，旷远的岁月里永远存在一个名为爱的支点。 最后的最后，手机屏幕亮起，弹出的是她的回复。 她说。好，那就冬天见。 	 #短篇 #文章 #原创 #原创随笔 #小说 #我会被文字打动 #碎碎念 #青春 #INFJ,19766,情感故事,青春随笔
3,《苦橙子》｜致每个女孩失声的青春期,“当语言失效时，身体便开始尖叫” 这篇文字写起来很痛苦，但我希望大家都能自己治愈自己，咽下苦橙子，用声音代替咳嗽， 让那些“未发出的声音”都可以被听到#原创随笔 #原创短篇小说#青春期 #谁的青春不迷茫  #girltalk #软柿子疯起来,4618,情感故事,青春随笔
4,“与我在世界的角落渺小又清晰地共振”,二十岁，洋流与季风会将我们的二十岁吹彻至哪座城市。你在晚自习课间曾与我提起的明亮未来，我们抵达了吗。还有那时曾以为不可逾越的重山万壑，时过境迁后再回看，我们会不会喟叹自己当下的热烈与勇敢。而如果那时也是一个雨汽未歇的秋夜，落叶还未纷飞不绝，我们坐在长椅上共同拆阅这封信，在你看到这里的时候，我会重新与你提起关于爱、自由、恳切，和你说其实永远并不遥远，它的起始日期是许多年前的这个夏天。 	 #原创 #随笔 #情感文案 #祝福文案 #青春 #浪漫生活的记录者 #夏天 #约稿展示请勿使用  #infj #infp,1202,情感故事,青春随笔
5,只是那时，歇斯底里的声音覆盖住了意义,只是那时，歇斯底里的声音覆盖住了意义。 	 学生时代是喧豗而轰然的。响了很久的上课铃在老师的谩骂声中渐渐消失，我们只能用笔尖反复摩挲着纸面来转移注意力。苦口婆心的教诲听了无数遍，却还是选择在大道理面前沉默，陷入无边的题海。 	 晚自习时，各个班级里的英语听力交错播放。教室里的灯光明晃晃的，与窗外的夜幕截然不同。车水马龙在耳边萦回，鸣笛声不断，成为一种属于晚自习的背景音。每每此刻，我总是会在心里默默想着：可不可以，把我，连同我的梦想一起带走？ 	 白昼里那些被埋藏的情绪，被淹没的委屈，在此刻也纷纷复活。我们开始在心里喋喋不休，有些话欲言又止，化为眼泪掉落。 	 但那是自由也有迹可循。夜阑人静时，走廊里依旧人满为患，昏黄的灯光将梦想的影子拖得好长好长。我们总是高谈阔论着，未来与以后，岁月与流年，总觉得多年后听起来也像是弹指之间。 却忘了，此时此刻，愿景与如今重叠的瞬间，才是最伟大的永远。 	 我们歇斯底里，总在故事的最后，才明白苦海的波澜起伏。 	 #Icelume #文字 #随笔 #我们永远在这里 #学生时代 #青春 #爱 #苦海 #学海无涯苦作舟 #那时的我们不懂永远,476,情感故事,青春随笔
6,命运，某天我也想将你轻描淡写,十三岁，我拥有一颗感伤的心脏，为命运多舛而叹气 	 命运，某天我也想将你轻描淡写。存放在日记本里，像一滴泪缓缓划过脸颊。可是，你偏偏在痛苦而孤独的周折里，与我纠缠不清，从纸页的文字里洇开，化作连绵的雨季，打湿了为幸福封存的留白。于是，痛苦拥抱了我，成为十三岁的底色 	 痛苦的气息越来越清晰，幸福的脚步便越来越急促 	 漫长的十三岁里，为什么幸福总是短暂？随着成长一并而来的是沉重心事，填满了生命的纹理，透支了鲜活的期待。藏不住的心事生长为一棵树，停驻在我的心脏，扎得很深很深。在泪水的雨季里，树杈延向了小小的天，遮得密不透风。我开始感受不到世界的喧嚣，只剩下安静的痛苦 	 我的十三岁和雨有一个共同点，青涩而仓促 	 我试图用敏感的心感知这个世界，代替迟顿的感官。然而然而，世界对我太清晰。清晰到难以承受幸福的分量，只剩下丰盈的痛苦，慢慢涌入心脏的那片干涸地，充沛成一片苦涩的海 	 我的痛，我的泪，我的伤被欲言又止，如鲠在喉。十三岁的我沉默着接下一切，只为幸福降临时稳稳落地，长久拥有 	 于是，我不再哭泣，幸福像雨下个不停 	 #命运 #随笔 #原创随笔 #上热门 #寄秋戏雾 图源于@Lethe 最近可能会多次重发,22962,情感故事,青春随笔
7,人类最不擅长的事是说再见,人类最不擅长的事是说再见。 	 “再见”这个字真的好神奇。它太轻了，像是从口齿之间轻飘飘地叹出来的，飞到未知的远方。它又太重了，落在似水年华里，像一滴积攒已久的泪珠坠落到轻薄的纸上，晕开的是我们的百感交集。又像是重若千钧的陨石毫无征兆地降落在土地上，留下难以填平的沟壑。 	 “再见”说出口时，周围的空气仿佛都染上了悲情的色彩。我感受到，江海在吐纳，世界在叹息，宇宙在无情地吸吮着时间。 	 我想，再见这个词，大抵也有很悠久的历史吧。它囊括了太多太多，跨越了王朝的更迭和四季的变迁，从光年之外走向我们眼前，见证着我们从一开始的犹豫不决到后来的落子无悔。 	 毕业典礼那天，很多事情被带上了“最后一次”的前缀。最后一张合照，最后一次拥抱，最后一次和你说再见，最正式、最有温度的再见。我看着你眼睛里的我自己变得越来越小，看着你的背影，默默地说出了道别的话语。 随后迎来的，是泪眼婆娑。 	 “再见”这个词，早已穿透了我们生命的涟漪，穿梭在跌宕起伏之间。 	 我们该说再见，还是再也不见呢？ 	 #文字 #随笔 #我们还会再见的 #人总要离别 #Icelume #爱 #青春 #再见 #离别 #所以说永远多长,5148,情感故事,青春随笔
8,“人生是一场巨大的后知后觉”,其实那次，和她的蕞后一面，我是没想到的。分别的时候，她站在车站的台阶前，还同我道：“不要不记得我，不管以后见不见得了，你都要开心。” 	 那时我笑着说：“怎么可能！”可时光过境，她的声音越来越逼真地盘旋在心底，这是我后知后觉才听见的诺言，以及那个少女模糊的回响。 这样的告别在每个夜晚都更清晰，潜入旧梦，潜入雨夜。过去的声音像一台老旧的收音机，断断续续地播着回忆。只不过，等到信号清晰时，那些当时觉得微不足道的瞬间，早已成了刺痛心尖的遗憾。 #原来我们就是青春 #治愈 #成长 #情感 #原创随笔 #约稿展示 #命运的子弹正中眉心 #校园 #人总是要长大 #文字 @校园薯 @小红书创作助手,2052,情感故事,青春随笔
9,“趁夏日未完结 趁我们还深信不疑明天”,像行过雨水满溢的节气却只持一柄单薄旧伞，过往的刻痕遗留下湿漉漉的脉络，拂不尽的水汽如同年复一年困住我的嶙峋山峦。 我依旧被反复困在那座山。 	 #原创 #随笔 #情感 #文案 #文字的力量 #青春 #遗憾 #毕业 #浪漫生活的记录者 #infj,1095,情感故事,青春随笔
10,天地霏雨  人与人 藕断丝连,#文字 #随笔 #原创 #情感共鸣 #inmyfeelings #fyp #青春 #intp#情感树洞,228,情感故事,青春随笔
11,“成长是偷走夏天的小偷”,我也以为夏天会慢慢变好的，树木会更葱郁，阳光会更干净，风声和雨声清晰又动听，直到岁月从我眼前奔走而过，年少时亲手设计构筑的夏天彻底崩塌，烟尘四起。我没有呜咽，没有嚎啕，也没有歇斯底里。直至此刻，我已经变得平静、柔顺，也终于确信：成长是偷走夏天的小偷，所有盛大的幻想终究是难以敌过时间和现实的刀刃。 	 时间从十八岁碾过、撕扯过，留下了很多细密的疼。夏天是闷热的、潮湿的，蝉鸣是吵嚷的，我停止了一切幻想，接受了夏天只是夏天的真相。 	 夏天，只是一个季节。 	 #夏天 #成长 #遗憾,2315,情感故事,青春随笔
12,“夏天适合畅想明亮”,我们不要辜负长夏，不要辜负白昼和晴天。 	 #随笔 #夏天 #成长 #高校诗歌创作联盟 #信件 #肆意地感受夏夭 #友谊地久天长,362,情感故事,青春随笔
13,期末复习总让人有灵感,复习的时候，打游戏，会心慌，放下手柄，觉得时光虚度。但写东西不会，像是回到高中晚自习对着草稿纸发呆的时候，特别满足。 #随笔 #期末复习#记录#bg#薄荷,5404,情感故事,青春随笔
14,我从何时开始爱你,去谈论开始喜欢一个人时间是件很困难的事情。 从这端遥遥地望向开始那端，一种近视的模糊，本能的话语缺失。很难找到开始的那个的端点，汹涌的爱意来临之前也不会有任何体感上的征兆，蚂蚁不会在马路上搬家。 所谓喜欢，更像是在乌鸦喝水，每一个心动的时刻是一颗石子，一颗一颗投进去。当水位终于上升到满溢，水流顺着杯壁作流泪状汩汩留下，才心下轰然，觉察那是爱。 	 #文字 #我被文字打动 #爱情 #暗恋 #爱永远是突然降临的 #原创,7713,情感故事,青春随笔
15,“我的青春是朴素的”,#云序言 #淼嘉恋专属话题 #随笔 #青春是一本仓促的书 #这就是青春 #那是我再也回不去的青春 #青春是那么美好 #我的青春落幕了 #青春是一场盛夏 #我的青春回头看了我一眼,21811,情感故事,青春随笔
16,我们无法预知某一瞬间的价值直到它成为回忆,"- 	 看了余华的节目，他谈到青春，真是让我又哭又笑。 	 在余华看来，人的记忆是有选择性的，青春也是可以自己定义的，只要让你愿意记住的，就是青春的起点。 	 他心里的青春，从27岁发表小说开始。27岁以前天天给人拔牙的那段人生他无法称之为""青春""。年轻时他也曾怀揣成为歌唱家的梦想，每天凌晨到海边练声，反倒被村里人误以为山中闹👻，只得狼狈放弃。 	 可他说，正是那些不切实际的梦想，才让青春显得生机勃勃。倘若每个梦想都很实际，那就不叫梦想了。 	 余华也有青春的遗憾。有次搬家时嫌书信麻烦，烧掉了一大箱的信件，其中有十多封史铁生的信。那部分珍贵的记忆没有了，这长久的懊悔，成了他回忆里特殊的一段。 	 - 	 关于青春，40岁的仁科认为，此时此刻便是一个人的青春；精 选 创作者特厨隋坡坦言，自己没有上过高中，十八岁误打误撞进入后厨，选择在烟火炉灶里开启了人生篇章。 	 他们的青春都没有被年龄所框住。 	 所以《一个文学的午后》让我想明白了：不必纠结年少碌碌无为，也不用困在过往的缺憾里内耗。我们可以筛选记忆，和灰暗的过往和解、放下糟糕的从前。 	 人生没有迟到的青春，每一个奔赴热爱的当下，都能成为青春崭新的起点。 	 #余华 #一个文学的午后 #青春 #青春回忆 #人生感悟 #文字的力量 #2026高考季 #高考前最后叮嘱",164,情感故事,青春随笔
17,“我们都被困在了十七岁的走廊里”,那时候，总觉得生活太难，可现在想来，被安排、被催促、被明确“该做什么、不该做什么”的时候，竟然是一种奢望的幸福。 他们说高考之后，一切都会好起来。可入了大学后，当不同口音在宿舍碰撞，当五湖四海的生活习惯大相径庭，我才发现，高中时的秩序感，早已是一种不可复刻的温柔。 大学或者工作后，没有人关心你坐在了哪里，没有人检查你听懂了哪一部分的课，没有人耳提面命告诉你“期末考这些重点”，更没有人追着你喊“功课写完了就该睡觉”。 一切都断开了，就像你和父母见面的频率从“每天”变 成了“按月”，和朋友们的久别从周末，变成了一年。 我们变成了大人。 大到再也找不到那种无需试探就能并肩的默契。我们梦里的操场，能重现的，只是高中，无解的数学题，白杨树的绿浪，还有那些操场上无数次顺时针绕行的步伐。 那一刻我明白了，我们无法同时拥有青春，以及对它的感受。 #原来我们就是青春 #成长 #治愈 #回到十七岁 #原创随笔 #情感 #校园 #那是我再也回不去的青春 #我无比庆幸此刻年少 #年少时的我们 #小红书游学团 #生活荣誉博士 #生活走读生 #约稿,15312,情感故事,青春随笔
18,然夏天仍是夏天,青春十纪的故事似乎总聚焦于具体的夏天，朦胧又清晰。夏天是自由蓬勃，像被人抱着转圈一样热烈，生命力疯长。夏天是漫出泡沫的啤酒，是吹来满足的海风，是散步偶遇的浪漫，当然耳机里还得放着summertime的live版。 	 我浸泡在初夏，却对将至的热夏没有半点期待。我对夏天最真实的记忆是无尽的雨季，深蓝色气旋压得人喘不过气来。柏油马路的沥青味，潮湿的霉味，阴沟反臭，人海中的肉夹气，恐怕五点早起的小鸟闻了都想吐，蚊子闻了都吸不动血。或许因为在深冬出生，夏天总让我感到烦闷，粘稠，难以扎根。流不完的汗与泪，意识被烈阳晒成空白，想法在炽热中收窄。我像闯入家中的蜜蜂，一次次撞在生硬的玻璃上，窗户似铁丝网般将我包围。而且似乎夏天一过我就得长大，然而夏天难以走出，死结未解，新生未临，在一双双眼睛下，艰涩又尴尬。 	 三岛说，“夏天”这个词本身就使人联想到“死”和“糜烂”。晚夏明丽的霞光，也含着糜烂的火红。我只奢求在这样的季节能活得流利一点，能躲在凌霄花后，永远“不要被命运找到”。 #文字 #感想 #热门 #夏天 #讨厌夏天,1949,情感故事,青春随笔
19,“我觉得二十二岁是最擅长告别的年纪”,人生的归属感不过是暂时的寄托，能与谁共鸣、能在何处安放自我，都需要一点点放下执念的勇气。 成长好像是一座飘在风中的客栈，总有人暂住、有人远行，樶后只剩下自己，和并不算沉重的影子。这个年纪里，很难拥有稳定深度的关系，大家都像是候鸟，下一个停靠点尚未可知，也许前一刻还热络相谈，后一刻就各奔东西。久而久之，我们学会在告别中成长。 我相信，生活本身即是一场场有始无终的迁徙。不同的机场，不同的安检口。我的生活在大地的经纬间不断转场，从熟悉到陌生、从欢笑到沉默、从相逢到分离。提着行李箱穿梭在航站楼之间，手机里存着零零散散的道别短信，去往新的目的地，却总有一些难舍的过往被遗落于原点。@热点薯 @小红书创作助手 #治愈 #成长 #原创随笔 #毕业总是会有遗憾的 #青春的遗憾 #随笔 #青春是一本仓促的书 #文字 #那就好好道别 #原来我们就是青春,245,情感故事,青春随笔
20,走进明亮且永恒的夏天,亲爱的朋友 人生不乏可爱且美妙的日子 希望你顺利到达要去的地方 到了以后幸福美满 #随笔 #原创 #成为更好的自己 #做自己#浪漫生活的记录者 #人到底能感受多少回夏天 #所有美好都发生在夏天 #做自己 #黎时希 #人生是旷野,854,情感故事,青春随笔
21,“泪水其实很伟大”,#文字 #随笔 #原创 #备忘录文字 	 年少时，你视泪为卑怯的标签。每一滴清泪沿着咽喉往下沉，坠进胸腔，坠进心脉，一滴，两滴，千千万万滴——它们在那里汇聚成一片不见天日的暗湖。那片湖没有名字，没有声音，甚至没有来处，它们只是沉默地存在着，日日夜夜替你承受着无法言语的重量。 直到沉睡的泪水苏醒。你开始毫无征兆地哭。听歌时猝不及防的共鸣，看故事时感同身受的悲戚，与人交心时猝然涌上的酸涩，都成了泪水倾泻的契机。哭过之后，身体会变得很轻。那些堵在心口的、咽在喉咙里的、说不清道不明的郁结，被泪水一点一点化开，顺着脸颊滑落，落地蒸发。 世人总说哭泣无用，可泪水的伟大，不在于改变世事，而在于接纳所有不堪，拥抱残缺的自己。让你终于不必再伪装坚强，不必再为哭泣感到羞耻。每一次落泪，都是在把那些年流进心里的泪水，一滴一滴地悉数归还。 所以我想，我会一直哭。 直到泪水裹挟所有苦楚奔流，心底再无阴霾。 直到泪水流过的地方，生出柔软的脉络，赋予我新的勇气。,14084,情感故事,青春随笔
22,“这些，才是被称作青春的东西”,等你们长大后，回想起高中这三年，你们根本不会记得自己学到了什么，只会想起一些停电的夜晚，食堂某天做得特别好吃的红烧肉，还有全班同学一起看过的影片，这就是后来被你们称作青春的东西。 ps.上面是网传小说里的一段话。 #原来我们就是青春 #2025高考季 #高考应援团 #成长 #原创随笔 #治愈 #情感 #高中 #校园 #约稿展示 @校园薯,3439,情感故事,青春随笔
23,“如果我们的因果注定折散于十七岁长夜”,我或许就不会轻易提及离别。 	 #原创 #随笔 #情感 #文案 #文字的力量 #暗恋 #遗憾 #青春 #infj #infp,16069,情感故事,青春随笔
24,在青春期要见识一些真正宏伟壮丽的东西,初中有一年跟着家人旅游，路途睡在彻夜行驶的大巴上，半夜被暴雨惊醒。我趴在窗边的水幕舍不得眨眼的看，当时行在四周无人的旷野，两边飞快穿过树的黑影，只有接连从天上炸到底的灿烈的电光，一道道当真得照得像白昼那样，和惊彻磅礴的响雷，狂烈呼啸的风和摔打车窗的暴雨。我在其他人酣睡的沉默的车厢里看，还年轻，不懂这是什么感觉，只在无人回应的夜里感到一种眼眶发热的畅快。 	 #青春期 #生活,7905,情感故事,青春随笔
25,我以为我不会怀念那个夏天,我的青春如此普通，我的青春如此苦涩，我的青春啊，我为什么还是会怀念你#原创 #RED新生代创作大赛 #文字复兴单元 #回忆涌上心头 #怀念那年夏天 #那年的夏天 #怎么不怀念呢 #高中 #高中回忆录 #我以为忘了想念,33,情感故事,青春随笔
26,韩国文学温馨疗愈的句子…,首尔青坡洞有一家叫Always的便利店，它always商品短缺、always人手不足，被街坊邻居吐槽是“蕞不便利的便利店” 	 可就是这样一家“不便”的小店，却成了无数失意者的落脚地： 	 失忆流浪汉独孤，从流落街头到成为夜班店员，笨拙却真诚，用一碗热饭团、一杯玉米须茶，悄悄接住每个崩溃的人； 	 毕业即失业、焦虑到神经衰弱的“首漂”，在便利店的烟火气里，慢慢找回前行的勇气； 	 生意濒临倒闭、却固执不肯做外卖的烤肉店老板，在几句唠叨的开导中，解开了心结； 	 叛逆又孤独的高中生，在这里找到了逃离压抑家庭的小小角落，重拾对生活的热爱… 	 作者金浩然的笔触很细腻，喜欢看《请回答1988》或者《深夜食堂》的小宝们，建议你们去看这本《不便的便利店》！！ 	 ps：每次看到美食描写的时候我特别希望自己旁边有一份炸鸡🍗...书摘图片我放在下面！ 	 #infp #书摘 #金句 #文学 #韩国文学 #治愈 #情感共鸣 #阅读马拉松 #惊艳到你的句子 #我会被文字打动,692,情感故事,治愈文案
27,一些充满能量的句子3.0✨,最后，应该向前，继续向前 我期待这个春天。 #我被文字打动 #文字的力量 #句子分享 #自我成长 #高能量 #有力量的话 #磁场 #治愈 #infj,4784,情感故事,治愈文案
28,治愈系文案｜一些很温暖不内耗的文字,🌿生命如此短暂我们没有时间 去争吵、道歉、伤心、斤斤计较 我们只有时间去爱， 一切稍纵即逝 ——马克·吐温 🌿如果你赶不上凌晨五点的日出 不妨看看傍晚六点的夕阳 我的意思是任何时间都不晚 🌿人生没有幸福不幸福 只有知足和不知足。 无病无灾就是福泽，温饱无忧就是幸事。 至于其他， 有则锦上添花，无则依旧风华 赚钱的目的是为了更好的生活 而生活的目的不仅仅是赚钱。 不要和别人比生活，生活永远比不完。 🌿每个人都有属于自己的一片森林 也许我们从来不曾去过， 但它一直在那里，总会在那里。 迷失的人迷失了， 相逢的人会再相逢。 ——村上春树 🌿生为冰山， 就该淡淡地爱海流爱风 并且在偶然接触的时候 全心全意地爱另一块冰山。 ——王小波 🌿雨过天晴，终要好天气。 世间于我于万种欢喜， 沿途逐枝头怒放， 全部遗漏都不要紧 得你一枝配我胸襟就好 ——张嘉佳 🌿在岁月，我们走过了许多春夏秋冬； 在人生，我们走过了许多冷暖炎凉 我总相信，在更深更广处 我们一定要维持着美好的心 欣赏的心 就像是春天想到百合 秋天想到芒花 永远保持着预约的希望。 ——林清玄 🌿逝去的从容逝去， 重来的依旧重来 在沧桑的枝叶间， 择取一朵明媚，簪进岁月肌里， 许它疼痛又甜蜜。 ——汪曾祺 #经典摘抄 #文案 #句子 #温柔系治愈文字 #打动人心的句子 #令人惊艳的句子 #好句分享 #暖心句子分享 #治愈的文字 #分享好句,3054,情感故事,治愈文案
29,生命感 淡淡 文案,#生命与自然 #文案 #温柔系治愈文案 #infj的世界 #治愈文案 #忧郁感 #生命力 #分享文案 #文案分享,1994,情感故事,治愈文案
30,更大的世界会稀释痛苦，也会稀释爱。,原作者：@梁州 	 多年前的夏天，在大树下第一次听见蝉鸣时喜悦的时刻，已然是上个世纪的回望了。更大的世界会稀释痛苦，也会稀释爱。 	 #阅读 #女性成长 #分享 #明亮的夜晚#知识 #生命的意义在于感受 #那份具象的爱 #慢慢理解世界 #这个世界会好的 #爱我缓慢向上的勇气,24504,情感故事,治愈文案
31,一些幸福的meme🍀,我喜欢淡淡的生活 淡淡的情绪 淡淡的心情和简略的语言 就像雨滴落在地面没有任何痕迹 我喜欢这样平静的生活 淡淡的就会减少很多的痛苦 淡淡的就顺顺的 #韩语meme#幸福#幸运#分享图片#淡淡的幸福,1397,情感故事,治愈文案
32,我要稳稳的幸福,自存一些有生命力和幸福感的文案！！#我要稳稳的幸福 #做坚定的幸福主义者 #愿我们都能站在幸福里 #文案馆 #文案分享 #文案,10171,情感故事,治愈文案
33,就这样淡淡地记录 ㅇㅅㅇ/。,1.今天也是阴天。老天想不开的时候就会这样。 2.要么写 要么不写。我的意愿是写。 3.像玩文字游戏一样的 我的日记被我玩。 4.其实我这一生要做的事情只有三件：①好好休息 / ②好好学习 / ③好好体验。 5.但我擅长的事情：把简单的事变复杂。 6.更擅长的事情：对复杂的事情生气。 7.( ̀⌄ ́) （被气笑就会变成这样的人） 8.骗你的。我其实什么都不想做。但真的什么都不做的话我也会生气。一生气就会容易想哭。想哭就会泪如雨下。那我是什么？雨刮器吗？ 9.想祝你幸福很久。这句是真的。 10.凑十全十美来的。以上。 	 / ：#懒人日记  #文字  #随笔  #发疯文学  #一些有的没的,10741,情感故事,治愈文案
34,“天呐，好喜欢这段话”,要永远年轻，永远热情，永远不会听话，要大笑，要做梦，要与众不同，人生是一场伟大的冒险。 	 一个人可以想去哪里就去哪里，喜欢什么就吃什么，你的身心将重获自由， 你的时间和空间也都可以由你尽情支配， 你的幸福感会喷涌而出。 	 爱情是你自己的品质，是你自己的心魂，是你自己的处境，与别人无关。爱情不是一个名词，而是动词，永远的动词，无穷动。 	 我爱这悠长的旅途，可以从容地想你。 	 #分享好句 #文字也有力量 #好句分享#永远会被这段文字打动 #文字语录 #永远被文字打动的 #句子分享 #被文字治愈 #好句 #文字,1327,情感故事,治愈文案
35,加缪笔下清醒治愈的阳光哲学,加缪的哲思，如冬日的阳光，温暖治愈，又不失锋芒。 	 1. 对未来的真正慷慨，是把一切都献给现在。——《鼠疫》 	 2. 在寒冬，我学会了这个真理：当无力改变风向，就调整帆的角度。 ——《瑞典演讲》草稿 	 3. 爱不是寻找完美的人，而是学会用完整的眼光看有缺陷的人。 ——《堕落》 	 4.我并不期待人生可以过得很顺利，但我希望碰到人生难关的时候，自己可以是它的对手。——《加缪手记》 	 5.爱是没有界限的，如果我能拥抱一切，那拥抱得笨拙一点又有什么关系。——《置身于阳光与苦难之间》 	 6.真正的救赎，并不是厮杀后的胜利，而是能在苦难之中找到生的力量和心的安宁。——《加缪语录》 	 7.一个伟大的行动和思想，都有一个微不足道的开始。——《西西弗神话》 	 8.真正的坚韧不是不曾跌倒，而是在严寒中依然能唤醒内心的夏天。——《夏天集》 	 9.所谓清醒，就是亲手砸碎他人为你定制的生存剧本。——《局外人》 	 我是耕霖，很荣幸隔着屏幕认识远方的朋友。你被哪一句给治愈了呢？评论区来告诉我～ #读书摘抄 #经典文学名著 #美句摘抄 #我被文字打动句子 #自我成长 #自我提升 #自我认知 #治愈 #治愈自己 #经典语录,1110,情感故事,治愈文案
36,低谷期救赎文案 | 支撑你走过暗淡时刻✨,. 当身体扛不住的时候 意志会带你杀出重围 . 你已经跌到谷底了 接下来的每一步都是上坡路 . 如果没有天赋 那就一直重复 . 摸摸心跳 那就是最好的证明 所有未能摧毁你的 正在秘密锻造你 . 疼吗？疼就对了 这说明你还在感觉、还在活着 还在通往救赎的路上 . 风雨扑打你的窗 不是要摧毁你 是为了洗净玻璃 让你看清自己多像钻石 . 救赎不是突然的拯救 而是每天把自己 从深渊里拉出五厘米 重复三千次 . 隧道尽头一定有光 即使你此刻看不见出口 再走十步，再走十步 光就在那里等你 . 你摔落的坑洼里 后来都成了救人的台阶 今日的伤疤 是明日为他人的撑伞 . 不要一直责怪 过去的自己 他曾经站在雾里 也很迷茫 . 低谷不是终点 而是你重新校准 自己的坐标 大地最黑暗时 星星最清晰可见 	 #低谷期心态调整 #治愈低谷时期的你 #自我成长#低谷期 #救赎 #一句话陪我过难关  #支撑你走了很久的一句话 #分享 #人生道理#一句话的力量#女性成长 #励志文案 #短句文案 #暖心句子分享 #分享好句 #生活美学 #女性智慧 #此心安处 #短句,2329,情感故事,治愈文案
37,莫辜负茶 汤 好天气,/ 你花了整个童年学习如何蜷缩起来不碍事，如今需要花时间重新伸展四肢，去感受自己在天地间本应有的位置。世界不再是你记忆中的模样，而你也不再需要为存在本身道歉。 	 人生忽如寄，莫辜负茶、汤、好天气。 	 谨慎地拥有，珍惜地使用，勇敢地放弃。 	 在我有生之日，做一个真诚的人。不放弃对生活的热爱和执着，在有限的时空里过着无限广大的日子。 #手写 #摘抄 #文字 #文案 #排版小动物 #治愈拼贴 #波点控 #古早味 #我被文字打动 #4605_,29664,情感故事,治愈文案
38,每日文摘｜那些被夏天吻过的句子☀️,🌿夏季与我们的生命曾是同一种质地。 ——勒内·夏尔《愤怒与神秘》 	 🌿未来像盛夏的大雨，在我们还不及撑开伞时就扑面而来。 ——刘慈欣《三体》 	 🌿我是否可以把你比喻成夏天？虽然你比夏天更可爱更温和。 ——威廉·莎士比亚《十四行诗》 	 🌿在六月初，草木的世界骤然迸发，每一个日落都独一无二。 ——约翰·斯坦贝克《我们不满的冬天》 	 🌿短暂夏夜烧化了，绿谷中升起湿气，千百树木的汁液在沸腾。 ——赫尔曼·黑塞《克林索尔的最后夏天》 	 🌿不但春妍夏亦佳，随缘花草是生涯。 ——杨万里《夏日绝句》 	 🌿我只需咬开一颗草莓的紧实，就能看见夏天——它的尘埃与低垂的天空。 ——托妮·莫里森《最蓝的眼睛》 	 #生活在诗中流淌 #每日文摘 #小红书年度诗篇 #句子控 #属于夏天的诗 #浪漫生活的记录者 #每日书摘 #素材 #惊艳到你的句子 #分享好句,1442,情感故事,治愈文案
39,我们只是跋涉，不用琢磨太多,可不可以有一些时刻，我们就在一片空旷中闲坐，不谈具体，无所谓现实的任何，清晰的东西太多了，转瞬即逝反而像一种把握，你在想什么？想我们只是跋涉，深一脚浅一脚，呼吸错落，从前和以后都不复存在，看见我吧，也关心我，不用琢磨太多,10930,情感故事,治愈文案
40,李娟真的太会写了，这段看得我泪流满面😭,我不得安宁。 无论生活在多么偏远僻静的地方， 我的心都不得安宁。 我最嘈杂，最贪婪。 我与眼下这世界格格不入。 眼下世界里，青草顶天而生， 爬虫昼追日，夜逐月。 风是透明的河流，雨是冰凉的流星。 只有我最简陋，最局促。 我酝酿出一份巨大的悲哀， 却流不出几行眼泪。 我全面坦露自己的软弱， 捶胸顿足，小丑般无理取闹。 可万物充耳不闻。 我无数遍讲诉自己的孤独， 又讲诉千万人的万种孤独。 越讲越尴尬，独自站在地球上，无法收场。 ——李娟《遥远的向日葵地》 #读书 #情感 #孤独 #美文#文学 #书籍#李娟 #治愈书单 #好句摘抄分享 #遥远的向日葵地#我被文字感动了 #文学的力量 #infj #治愈系散文,20908,情感故事,治愈文案
1,优秀作文《青春》,#优秀作文 #作文素材 #作文摘抄 #让真情自然流露作文 #文笔提升 #初中作文 #作文范文 #青春,460,情感故事,青春随笔
2,当作文题目以“青春”为题（续写）,青春是一本太仓促的书，可我们却一直含着泪，一读再读 #猫meme #作文 #青春 #怀念青春年少的我们 #语文 文字版: 我们无法预知某个时间的价值直到它成为回忆 现在我可以坦白了——其实每个清晨六点的闹钟都像刑罚，每张月考排名表都让呼吸发紧，每次八百米测试最后半圈，喉咙里都涌起铁锈味的绝望。 	 可是为什么，当记忆开始自动筛选画面——跳出的是晚自习突然停电时全班的欢呼？是趁老师板书时飞越整个教室的纸飞机？是四个人躲在宿舍被窝里分食一包辣条，辣出的眼泪和笑混在一起？ 	 原来青春最狡黠，它把最锋利的沙砾裹进蚌壳，多年后当我们颤抖着手打开，发现每粒痛苦都已变成珍珠。明明在学校的感觉很痛苦，可回头看笑的最多的还是在学校。因为青春有一种魔法：它让快乐比疼痛更懂得扎根。 青春从来不是过去式，它是以太，是光纤，是所有经过你生命的灵魂留下的隐形印记。当你在异乡的便利店哼起曾经的班歌，当你在陌生人脸上看见相似的神情，当你在深夜里突然想起某个名字—— 	 亲爱的，那是青春在轻轻叩门： “我从未离开， 只是换了一种方式， 活在你每次勇敢去爱的冲动里， 活在你依然相信‘永远’的天真里， 活在你眼里永不熄灭的、 埋头苦学的星光里,2761,情感故事,青春随笔
3,终究还是错过了吗？…,#我把怀念写成诗 #文字的温度 #终究还是错付了 #我们终究是错过 #爱而不得终是遗憾 #谁的青春没有遗憾呢 #遗憾不就是这样么,5925,情感故事,青春随笔
4,“青春的尽头是无尽夏，少年诗篇与时同长”,年少时的朋友是彼此青春的一道光，青春不该被定义，少年总是泛着光的，少年永远赤诚、热烈且勇敢。#青春华章 #青春正澎湃 #我会永远被文字打动 #手写 #摘抄 #青春是一场盛夏 #文案 #手写信 #青春是无解的命题,3092,情感故事,青春随笔
5,青春 是一本太仓促的书,这是一篇来自:任加 的投稿 	 “你要浪漫，自由，洒脱，勇敢，在繁花盛开里做 最精彩的自己” 	 “海阔凭鱼跃，天高任鸟飞，想祝你平安顺遂，可 长路并非平坦。崎岖艰险不在少数，想祝你快乐， 但未来之行并非都是欢愉。失落低谷在所难免，那 就祝你勇敢且坚强，乐观且豁达。既能经历成长路 上的崎岖，也能面对人生途中的曲折，即使以后我 们不同路了。也希望你能做自己的事，奔走在漫漫 长河，但愿殊途同归。你能与我讲讲来时路。” 	 #手写信 #摘抄 #我的青春 #永远青春永远热泪盈眶 #青春是一本仓促的书 #致青春 #文字的力量 #见字如面 #永远被文字打动,1628,情感故事,青春随笔
6,“我的青春太过于安静，以至于……”,少年时期待的故事，似乎一个都没发生。没有清秀的女生在校门口冲我微笑，没有电影里炽热的表白场景，没有激情洋溢的校园时光，也没有恣意而为的潇洒。我的青春没有大事，只有些微末的点滴，像凌晨四点黄昏般静谧的梦。 那时的生活，总让人觉得经不起描述——每一天都平平无奇，倒是静默的日子，对我格外关照。 一个人吃饭时，看后窗的木槿从春开到秋静；傍晚把书本摊在老旧的桌子上，偶尔抬头，眼神撞上窗外绵延的树影。风吹过枝叶，有种说不出来的安宁。记得夏天的某个傍晚，夕阳斜斜地落在我的书本上，投下半透明的光影。 青春的静就是这样，带着一点浪漫的荒凉。没有烈火般的恋爱，也没有话剧般的冲突成长，但这一份安静却有自己的重量。 我以为，安静的青春就是无趣的象征。 后来才明白，安静，并不是它的缺点，反而是岁月的一种馈赠。没有大起大落，没有浓烈的情感冲撞，但它也有细微的美好。那些黄昏时刻，那些孤独的街道，那些看似无声无息的日常，它们为青春描绘了一道温柔的底色。@热点薯 @小红书创作助手 	 #原来我们就是青春 #成长 #治愈 #随笔 #青春是一本仓促的书 #那是我们再也回不去的青春 #我的青春 #校园 #致青春 #暗恋,21959,情感故事,青春随笔
7,雨，是未尽的忆,忆，是心底的秘密。 	 雨，总是勾连起那一帧帧刻在我心底的回忆。 它连绵不断，像我的思绪一样。 	 多少次我告诉我自己， 要淡却那段回忆。 我总是被回忆鞭策， 总想着让遗憾少一点。 	 可事在人为， 可都在天意。 	 记不清分开的那天，模糊在眼前的 是泪花还是雨花。 雨水会划过我为你撑过的雨伞， 潮湿会一直存留在属于我们的那份记忆。 	 至此，祝我拥有放下过去的勇气。 #随笔 #散文 #写作 #文字 #雨 #回忆 #青春 #高中 #我会被文字打动#评语,41646,情感故事,青春随笔
8,Day9 ｜青春的尽头是无尽夏,“青春的尽头是无尽夏 少年诗篇与时间长” 那一年盛夏蝉鸣不止，窗外枝桠蔓延，在光影斑驳中生根，那些年少时光里，我们像一株野草野蛮生长，肆意张扬的性格，是少年最好的模样。 夏日余晖映照在泛黄的纸张，书写着少年时代的年少轻狂。少年白衬衣的衣角充满着薄荷味道，连同向我吹来的清风都是清冽的香气，仲夏的海棠见证了少年短暂而酸涩的爱恋💓，少年时代的心动轰轰烈烈，像月亮永不悬落。 少年时的朋友是彼此青春的一道光，青春不该被定义，少年总是泛着光的，少年永远轰轰烈烈，炽热且勇敢。 #我被文字打动 #美文分享 #好句分享 #每日记录 #手写文案摘抄 #平淡的文字总直击心灵 #今日摘抄 #我永远会被文字治愈 #打卡,58377,情感故事,青春随笔
9,今日读35《青春》——席慕容,青春是一本太仓促的书！ ﻿#散文﻿ ﻿#阅读分享﻿  ﻿#每日一读﻿  ﻿#席慕容 ﻿#青春 #诗歌,348,情感故事,青春随笔
1,不负时光，不负青春，不负自己,人生最珍贵的是时光、青春和独一无二的自己。不负时光，珍惜每一刻；不负青春，勇敢追梦；不负自己，活出真实。这些承诺让我们在有限的生命中活出无限的精彩，活成自己最喜欢的模样。#青春华章 #青春正澎湃 #每日情话 #说出心底的爱 #文字的情感表达 #不负时光不负己 #致青春致自己 #不负青春不负韶华 #唯有自己不可辜负 #珍惜时光不负青春,45,情感故事,青春随笔
2,该怎么形容青春呢？,#文字 #作文 #满分作文 #文学 #文字的力量 #作文素材 #金句 #我是文叨叨 #什么是青春 #惊艳到你的句子,1079,情感故事,青春随笔
3,可以封神的青春文案,"“句句不提青春，句句都是青春” 	 🍃01. “多年后，再回想年少时的迷茫和执着，或许原因都不记得了。青春就是要你张扬地笑，也给你莫名的痛。” 宫崎骏 《虞美人盛开的山坡》 	 🍃02. 所有的青春都像一盏灯，在雨中被冲倒，湿漉漉却在燃烧。 -聂鲁达《青春》 	 🍃03. “少年就是少年，他们看春风不喜，看夏蝉不烦，看秋风不悲，看冬雪不叹。” ——陀思妥耶夫斯基《少年》 	 🍃04. “那时候我们以为青春很长，长到可以肆意挥霍，后来才发现，它短得来不及说再见。” ——桐华《那些回不去的年少时光》 	 🍃05. 岁月因青春慨然以赴而更加美好 世间因少年挺身而出更加瑰丽 ——人民日报 	 🍃06. 我生来就是高山而非溪流, 我欲于群峰之巅，俯视平庸的丘壑。 我生来就是人杰，而非草芥 我站在伟人之肩，藐视卑微的懦夫。 ——张桂梅 	 🍃我是沐奚，持续分享更多文案， 	 若您也喜欢我的分享，请让我知道您来过， 	 喜欢哪句欢迎在评论区告诉我！#青春文案 #神仙文案 #充满希望的文案 #致青春 #文艺句子 #短句文案 #神仙句子 #摘抄 #好句分享 #分享",2034,情感故事,青春随笔
4,关于青春 l 如果青春重来，你想做什么？,① 青春如初春，如朝日，如百卉之萌动，如利刃之新发于硎，人生最宝贵之时期也。 ———— 百金买骏马，千金买美人，万金买高爵，何处买青春？ 	 ② 所有的结局都已写好，所有的泪水也都已启程，却忽然忘了是怎么样的一个开始，在那个古老的不再回来的夏日。 ———— 人生有一首诗，当我们拥有它的时候，往往并没有读懂它；而当我们能够读懂它的时候，它却早已远去，这首诗的名字就叫青春。 	 ③ 少年的肩，该担起草长莺飞和清风明月；青春的路，要奔赴星辰大海和万丈光芒。 ———— 含着泪，我一读再读，却不得不承认，青春是一本太仓促的书。 	 ④ 人生最大的遗憾 ，是一个人无法同时拥有青春和对青春的感受。 ———— 愿有前程可奔赴，亦有青春可回首。 	 ⑤ 青春的美丽与珍贵，就在于它的无邪和无暇，在于它的可遇而不可求，在于它的永不重回。 ———— 那种吃苦也像享乐似的岁月，便叫青春。 	 #什么是青春 #青春的遗憾 #致青春 #诗句分享 #2026文案 #青春华章 #这就是青春 #青春文案 #怀念青春 #什么是青春该有的样子,210,情感故事,青春随笔
5,欲买桂花同载酒，终不似，少年游......,「晨跑时偷摘的栀子花 在课本里风干成书签 后来整本笔记都有了初夏的褶皱」 共享单车筐里的早餐袋 贴着『别拿！有课！』的便签 后来整栋教学楼都知道 偷拿鸡蛋灌饼的凶手是只橘猫」 「挂脖耳机分你一半时 我的右耳听见周杰伦 左耳听见自己的心跳在跑调」 「挂凌晨三点的共享文档里 你修改的批注闪着荧光 我们隔着屏幕 在咖啡因里打捞毕设的星光」 「从情书到退学申请书 A4纸在碎纸机里下雪时 我们正在后街吃关东煮」 「拼多多砍价链接群发全年级 辅导员也点了助力 那件9.9包邮的班服 至今还留着青春的线头」 「篮球场边的自动贩卖机 吞下第三枚硬币时 你刚好投进了那个三分球 「跨年夜操场吉他弹到走音 劣质烟花照亮告白 教导主任手电筒扫过来时 我们笑着跑成上路的星座  「外卖单上永远多点的奶茶 挂在宿舍门把手上摇晃 楼道里此起彼伏的 『谢谢爸爸』惊醒了声控灯」 「二手群转卖的小煮锅 蒸腾的水汽模糊了寝室规章 我们在火锅底料香里 策划了二十岁的第一次起义」 「地铁早高峰把实习西装挤皱 你递过来的豆浆暖着掌心 我们在人群缝隙里 默背英文面试台词」 「共享充电宝在深夜自习室呼吸明灭 咖啡渍漫过论文致谢页时 窗外早樱忽然落满你的回车键」 #少年不识愁滋味 #愿你历尽千帆归来仍是少年 #每日一篇 #现代诗 #青春的样子 #毕业了 #励志文案#原创#治癒系文案 #少年的梦想,11875,情感故事,青春随笔
6,我的少女时代是无数次挣扎和迟钝,#余徊路 #文字 #随笔 #原创 #聆初文学社 #寻言亿文学社 #青蘅诗社 #未秋笺文学社 #清异景国文学社 #涧春絮文学社,27963,情感故事,青春随笔
7,我的青春随笔21,一场迷茫与自由交织的青春篇章 #用文字记录 #随笔 #原创随笔#大学生活 #大学感悟 #随便写点什么 #我的青春 #大二 #青春随笔 #女大学生,189,情感故事,青春随笔
8,“那年盛夏，风记得所有未完成的镜头”,我们都曾以为，青春会一直延续。那些一坐就是一整天的闹腾，那些走在回家路上也舍不得停的闲聊，我们认为它们无比平常，甚至值得包含一点毫不掩饰的随意。但其实啊，电影正是在这种漫不经心里，悄悄把每一秒都刻进了底片。有些故事，只有等到两鬓微白时，你才会猛然意识到：它是多么不可复制。 	 电影之所以打动你，从不是因为它完美无缺，而是因为它让你在遗憾中看到属于自己的真实。这些没有被剪辑过的瞬间，把每个“那样的我”变成了今天的你。 	 以上。 祝你早安午安晚安，有趣有盼。@薯管家 @热点薯 @小红书创作助手 	 #原来我们就是青春 #原创文案 #青春是一本仓促的书 #青春#成长 #治愈系 #情感共鸣 #青春文案 #随笔 #感悟人生 #治愈 #情感 #青春是一场盛夏 #那是我们再也回不去的青春 #原创随笔,5382,情感故事,青春随笔
9,句句惊艳！被满分作文开头震撼到了！,#文字 #作文 #满分作文 #文学 #文字的力量 #作文素材 #金句 #我是文叨叨 #惊艳到你的句子,80673,情感故事,青春随笔
10,你含着泪说好累，又擦干眼泪说你甘愿,#Icelume #随笔 #文字 #眼泪止不住 #撰写者 #随笔原创 #优绩主义 #少女时代 #初三 #少女心事,5433,情感故事,青春随笔
11,随笔/任风声为你挡开闲言碎语.,好快呀 转眼间距离中考只剩下十几天了 教室外的那棵大树也愈发茂盛了    很有生命力 	 P1是六月一日晚写的随笔 主要是关于几个坐的近的朋友 但是一个月前就换座位啦 我们之间也都相距甚远  似乎树莓味的棒棒糖也成了一种执念（不过说实话确实也是很好吃！） P2-3是在草稿本上随便写写画画的 觉得很有感觉 图3是《如果可以》这首歌的一句歌词 当时的那段时间我的后位很喜欢唱 我也喜欢唱 于是我们经常一起随便哼哼调随便唱一唱 当时他还专门花时间把歌词抄了下来带到了学校 	 “任风声为你挡开闲言碎语”是其中一个朋友写给我的 同样 这句话适用于所有人 	 距离不会限制一切 	 加油啦 最后的日子里 #随笔 #原创随笔 #朋友 #随笔碎碎念 #青春 #夏天 #距离 #初三 #中考加油 #好朋友,2160,情感故事,青春随笔
12,刚上初二的小姑娘写的随笔，真好🥰,批随笔时看到这篇很喜欢，很有灵气，也是非常戳我的人生态度。 “可偶尔，我也想当一只不听话的羊，偏离羊群，走到山坡的另一侧，去看看那边是不是也长着一样的草，或者有没有一朵别人没注意到的、小小的、蓝色的花。” 	 我给她的赠语是项鸿祚的“不为无益之事，何以遣有涯之生”。 	 其实我们学校一周只有一天半的假期，其他学科作业也不少，所以我对随笔的要求是：真情实感，绝对原创；有话则长，无话则短，但要坚持写作；字数不限。 我还说哪怕只写一行字也可以。 但依然有很多孩子愿意写一页、两页甚至三页的随笔，在这里他们可以极尽遨游，畅享，倾诉。 	 好可惜我上学时没有随笔作业，没有把很多想法记录下来。 #随笔#初中生 #初中语文,7549,情感故事,青春随笔
13,青春是什么？继续一篇青春的话题。,#更好的自己 #致青春 #击中回忆的瞬间 #青年 #时光 #美文分享 #人生流淌在诗歌里 #金句分享 #回忆 #热爱,52,情感故事,青春随笔
14,那场经久不息的雨,最近，心中的那阵雨涌上了思绪。 	 我总是被遗憾鞭策，总是天真地以为能把那段故事的结局改成自己想要的样子，不让遗憾留下痕迹。 但很多时候、很多事情，都会被遗憾留下印记。 	 也许人与人之间就是这样， 马不停蹄地相遇和错过， 不停地制造羁绊和遗憾。 	 也许没有遗憾，不叫人生。 也许没有遗憾，不叫青春。 	 我只是遗憾故事的结尾没有想象中那样好， 我只是遗憾被风吹散的我们无法重回。 	 那场雨下了好久好久，到现在也没有停息。 我努力的向雨外逃，却怎么也逃不出。 只好为自己打把伞， 等待时间的推移，静待大雨的息停。 	 #散文  #文字 #高中生 #文笔 #遗憾 #随笔 #小红书文学节#原创 #小红书原创随笔 #我会被文字打动,16109,情感故事,青春随笔
15,随笔丨过去了的，就会成为亲切的怀恋,好久不见！中考出分啦！（大抵是能上心仪的学校喽） 不负三年的欢笑与泪水，我们终将前程似锦！毕业快乐！！ 很感谢三年里遇到的朋友们，很怀念最后一个月里的黄金后排座位，很舍不得白墙黑瓦的校园，只遗憾我们无法同时拥有青春和对青春的感受，愿我们来日方长，顶峰相见！😊🥳😋🥹🫡 	 p.s.这篇随笔是脑热产物，太多想说的话没来得及道尽，但我相信下一个盛夏我们会重逢…… p3最最最怀念的时光就是在这个角落 p4在心仪的高中留下的许愿条“祝我们都前程似锦” 	 一编：24.7.2 	 #随笔 #原创 #生活 #初中 #鱼七圈 #毕业 #中考 #前程似锦,2463,情感故事,青春随笔
16,青春,#满分作文 #作文摘抄 #可以写进作文里的神仙句子 #优秀作文 #作文素材 #让真情自然流露作文 #形形色色的人作文 #满分作文,898,情感故事,青春随笔
17,我眼中的盛夏,蝉鸣从树叶里流泻，喧嚣了整个城市。 时光之湖荡起激越昂扬的清漪，来自遥远时空的磅礴的天马之蹄踏过稚嫩，不可一世地迈步向高昂华美的盛夏。#满分作文 #作文摘抄 #作文素材 #青春是一场盛夏 #我眼里的风景 #盛夏 #盛夏与蝉鸣 #心中的风景 #回忆里夏天 #属于夏天的诗,501,情感故事,青春随笔
18,优秀作文《在磨砺中成长》,优秀作文《在磨砺中成长》 心有暖阳，何惧风霜；眼里有光，自带光芒。未来的日子里，我会带着勇敢与坚定，不惧挫折、不畏迷茫，在岁月的磨砺中慢慢蜕变，在青春的征途上稳步前行，努力活成温柔而坚定，平凡而闪亮的模样。#作文素材积累 #作文素材 #作文 #笔记灵感 #我会被文字打动 #惊艳到你的句子,3286,情感故事,青春随笔
19,#小作文 #表白套路 #学生时代的暗恋 #我的暗恋日记 #如果你要写 #暗恋是一个人的事 #暗恋 #暗恋是一个人的独角戏 #挑战向喜欢的人表白 #友谊最终会破碎,#小作文 #表白套路 #学生时代的暗恋 #我的暗恋日记 #如果你要写 #暗恋是一个人的事 #暗恋 #暗恋是一个人的独角戏 #挑战向喜欢的人表白 #友谊最终会破碎,1078,情感故事,青春随笔
20,"""句句不提青春 句句都是青春！""",#文艺句子 #句子控 #句子分享 #有力量带着光的句子 #毕业文案 #青春文案 #暗恋文案 #少年 #惊艳到你的句子 #文案,6872,情感故事,青春随笔
1,,中国最适合一个人散心的五个地方#寻找中国最美城市#跟着中国国家地理寻找最美城市#旅行推荐官#景点打卡 #内容启发搜索,46214,旅行游记,一个人旅行
1,句句不提青春，句句都是青春,翻到一组写尽少年感的文字，字里行间全是回不去的年少时光，看完直接破防🥹 01 少年没有乌托邦， 心向远方自明朗。🌿 02 我无比庆幸此刻年少， 青春正燃烧。🔥 03 那种吃苦也叫享乐似的岁月， 便叫青春。📚 04 人生最大的遗憾， 是一个人无法同时拥有青春， 和对青春的感受。🌙 05 乱七八糟的课桌上， 刻着深情的情话 和未完成的梦想。✏️ 06 玫瑰留在了盛夏， 少年闯荡于笔下。🌹 07 好看的日落， 总在那个燥热的晚自习出现。🌇 08 少年就像雨后的月亮， 在冷静与热情之间， 以适合自己的温度存在。🌧️ 09 这个年纪真好， 能在课桌上撑着头， 聊着自己天花乱坠的未来 和梦想。💭 每次读到都瞬间拉回校园时代 风扇吱呀作响、试卷堆成小山 蝉鸣、晚霞、同桌递来的小纸条 那些平凡细碎的日常，原来就是最好的青春🌾 #文字的情感表达 #总有一句话戳中你 #句子控 #句子分享 #短句文案 #打动人心的句子 #惊艳到你的句子 #那些带着光的话语 #短句 #总有一句话 @小红书创作助手 @小红书涨粉丝源头 @小红书涨粉技巧官 @小红书涨粉 @小红红书粉丝涨粉点赞互赞群推广 @会火,50,情感故事,青春随笔
2,致我们的青春年华,青春是热血与梦想交织的岁月，虽已远去，却如不灭的光芒，照亮前行的路。它教会我们勇敢、爱与追逐，那份炽热与好奇，永远在我们心中燃烧。#青春华章 #青春正澎湃 #属于我们的青春 #愿青春不留遗憾 #美好的青春 #回忆青春年少 #今日文案馆 #青春是那么美好 #那是我们再也回不去的青春 #这就是青春,12,情感故事,青春随笔
3,篇28：《期许｜心有期许，不负韶华》,时光向前，岁月不言，心有期许，便有力量；心怀热爱，便有希望。 不必纠结过往，不必焦虑未来，珍惜当下的每一刻，带着期许前行： 期许自己越来越好，期许生活温暖向阳，期许所有努力都有回响。 每一份期许，都是前行的动力；每一次奔赴，都能遇见惊喜。 愿我们， 心有期许，目有光芒， 不负韶华，不负热爱🌟 #每日摘抄 #治愈文案 #人民日报素材 #允许所有的事与愿违 #人民日报摘抄 #青春无悔未来可期 #不负青春不负韶华 #砥砺前行不忘初心 #保持好心态奔赴未来 #志存高远终能繁华似锦,61,情感故事,青春随笔
4,优秀作文《逐梦的青春》,#作文素材 #作文素材积累 #满分作文 #作文 #我会被文字打动 #优秀作文 #作文范文 #作文摘抄,66,情感故事,青春随笔
5,优秀作文《蜕变的青春》,优秀作文《蜕变的青春》蝉，在地下蛰伏数年，方能迎来一夏的引吭高歌；蝶，冲破层层茧缚，才能拥有翩翩起舞的美丽 #我会被文字打动 #作文素材积累 #作文素材 #惊艳到你的句子 #作文 #优秀作文 #笔记灵感,392,情感故事,青春随笔
6,青春是一场盛大的回忆录.,#随笔 #原创随笔 #文案 #青春是一场盛夏#青春的悸动  #青春 #夏天的味道 #诗屿墨 #柚子i琰,33666,情感故事,青春随笔
7,朝花夕拾｜欲买桂花同载酒，终不似，少年游,《朝花夕拾》 早上的花，我到晚上才拾到。我在花最美的时候，没有体会到它的美，等到花凋落了，才后知后觉花的美。当你30岁的时候，去买18岁的东西，去20岁想去的地方，已经毫无意义。 	 世界上没有那么多的来日方长，我们穷极一生追求的东西，其实一开始就在，只是我们后知后觉而已。人无法同时拥有青春和对青春的感受，有些东西要靠失去才能证明它的珍贵。欲买桂花同载酒，终不似，少年游。 	 #散文 #人生流淌在诗歌里 #随笔 #文案 #青春 #文字的力量 #文学  #朗诵  #读书摘抄 #每日一读,13,情感故事,青春随笔
8,“我说青春啊，泪流满面”,#原创文字 #诗歌 #原创随笔 #原创文案 #文字 #原创随笔 #随笔 #青春 @视频薯 @生活薯 @小红书创作助手 @小红书REDesign @小红书成长笔记 @小红书创作学院 creator academy 别限流求求了,296,情感故事,青春随笔
9,🐮！登上央视的15岁女孩的真实、灵气随笔！！,又翻到华丽派少女的一篇随笔。 	 永远都在写不一样选材的她，笔下文字总是灵动的。 	 #张暴躁 #初中语文 #初中作文 #作文素材 #我会被文字打动 #作文 #随笔 #初三 #写作素材 #初中生,4642,情感故事,青春随笔
10,⚡⚡10篇关于青春的范文，太绝了呀家人们,#作文素材积累 #独家秘笈分享 #青春 #作文素材 #作文 #优秀作文 #素材分享 #素材积累 #初中语文怎么学 #初中语文作文 #中考作文,5150,情感故事,青春随笔
11,随笔|夏,我会爱你整个夏天 这样听起来比“一生一世”更有说服力 ——《手记》 	 春夏交替悄无声息 晚风轻轻拂过我的碎花裙摆 空气中弥漫着若有若无的燥热气息 原本静谧的午后是蝉鸣在喧嚣 梅雨过后青苔爬满了青石阶 一整个春天的思念悄悄膨胀 无尽夏的绣球花伊始盛放 原来是盛夏的第一乐章正在演奏 	 我的第十七个夏 是温柔细腻与热烈张扬的交织 	 夏夜沉醉 不知归路 回忆却随风悄悄袭来 月光洒满了奶奶手中的蒲扇 蛙鸣成为萤火虫的舞曲 夜空中的星星朝我涌来 似乎沉浸于我的盛夏诗篇 歌词中故事的小黄花总是在晴天 后院开满的栀子吹啊吹 指尖弹奏起风了的盛夏 	 热情浩大 年少轻狂 梧桐树模糊了的斑驳倒影 是画板上出现无数次的轮廓 白色衬衣的温柔气息随情愫散开 浪漫主义者仰望那片蔚蓝偷偷许愿 他们手牵手在海边肆意奔跑 炽热的心跳好似一场盛大的狂欢 轰轰烈烈后却依旧是苦涩的遗憾 不同的是喜欢夏天又多了几分 迎一场盛夏 赴盛大的青春 	 你永远是自由的盛夏 ——巴尔蒙特 #随笔 #原创随笔 #原创文字 #夏天 #盛夏 #夏天来了 #夏天你好 #夏天 #infj #一言,783,情感故事,青春随笔
12,青春没有标准答案,慢慢发觉青春不必热烈张扬，不用刻意追赶别人的节奏。可以安静发呆，可以随性散步，偶尔迷茫偶尔开怀。好好生活，慢慢成长，认真感受细碎美好。不用急于成熟，允许自己幼稚、犹豫、慢慢摸索。好好记录当下的点滴，笑容、晚风、日常瞬间都是珍贵回忆。坦然接纳所有模样，自在随心，便是青春最好的状态✨ #青春感悟 #日常随笔 #好好生活 #少年感 #生活碎片,51,情感故事,青春随笔
13,“祝我们尽兴 不止春天”,祝你 祝我 祝我们爱到尽兴 祝我们在高朋满座中将隐晦爱意说到尽兴 后自后觉的风声里 我们只要尽兴 	 #原创随笔#随笔 #春天文案 #青春 #备忘录 #备忘录文案 #文案 #infj #infp#情感 #日常文案 #短句文案 #素材 #祝福文案,3722,情感故事,青春随笔
14,,#小作文 #表白套路 #学生时代的暗恋 #我的暗恋日记 #如果你要写 #暗恋是一个人的事 #暗恋 #暗恋是一个人的独角戏 #挑战向喜欢的人表白 #友谊最终会破碎,1094,情感故事,青春随笔
15,我的青春随笔20,青春是一本仓促的书#日常随笔 #原创随笔 #女大学生 #大学#春天#花#生命力 #十八岁#新的开始 #邂逅一场夜樱,264,情感故事,青春随笔
16,春风若有怜花意 可否许我再少年,春风年年惜花，催开岁岁芳华，却难抚平岁月沉淀的怅然。若春风真有怜意，可否许我，再做一次鲜衣怒马的少年，重拾那份无畏热忱，不负时光，不负初心。 #原创 #随笔 #文章 #文字 #文案 #生活感悟 #花有重开日人可再少年 #文字的力量 #少年不惧岁月长,4639,情感故事,青春随笔
17,“人无法同时拥有青春和对青春的感受”,“人无法共同拥有青春和对青春的感受 总有一些东西必须要靠消失来证明它的珍贵 很多幸福和快乐都是后知后觉的 当我们身在其中的时候 觉得并没有什么 但过了很久很久以后就会开始怀念才会觉得原来人生中有那样一段日子 真的很美好” 	 #正能量 #书摘 #被文字治愈 #平淡的文字总直击心灵 #我会被文字给感动 #每一帧都是热爱 #文字的力量 #平淡的文字总直击心灵 #文字 #我会被文字打动,8978,情感故事,青春随笔
18,“我们再也遇不到高中时候的暴雨”,我常常会想起那些高中自习课突如其来的暴雨。天骤然暗下来，压得像一块巨大的幕布。教室里看似忙碌的自习氛围总会被打断，雨声夹着风声敲窗而入，像一首突如其来的背景音。 那时候的我们，已经习惯了准时上下课的铃声，划分分明的时间表，以及“毕竟很重要”的考试压力。但就在暴雨出现的一刹那，好像所有的条框都被雨水冲淡了。喧闹显得格外合理，座位前后开始传纸条，走廊里没人管是否踩湿了鞋，同桌抑制不住地分享“等会儿去食堂有点难”的苦恼——我猜，每个人的心情里都藏了轻微的松快。 可是，真正治愈的从不是雨本身，那种松动的时刻，是因为有熟悉的朋友在身边，有雨水隔绝下来的小世界，有“麻木”的一刻被打破的感觉。那是一种多特别的契机啊——在外面的风雨和身边的笑声之间，你突然明白，青春不是必须要完美或浪漫才有意义。 或许我们原以为再遇到暴雨，只是稀松平常的过去会重新循环。但后来我们才懂得，不是暴雨会变，是身边的人不同了，是空间的距离让温暖少了。而那曾经的雨声和喧哗，是专属于我们的青春记忆片段，永远停留在那里，连带着那时的傻笑和笨拙的真心。 暴雨不再，但那青春中的喧哗感，却一直陪着我们走很远很远。 以上。 祝你早安午安晚安，有趣有盼。@校园薯 #记录吧就现在 #随笔 #遗憾的青春 #原创随笔 #青春 #高中 #校园生活 #校园生活碎片 #治愈系#成长#生活荣誉博士  #生活走读生 #小红书游学团,19599,情感故事,青春随笔
19,青春如琢木，向阳自生长,青春如一方待琢的原木，初显年轮却未现纹理。若因畏惧虫蛀而不敢运斧，良材终将朽于幽谷。成长之道，贵在接纳粗粝，于完成中孕育生机。心理健康恰似年轮间的树脂，既滋养木质的柔韧，又守护其免遭风雨侵蚀。故曰：以“完成”破执念，以“健康”护心芽，方能让青春之树舒展枝叶，于天地间自成风景。 #文章分享 #发言稿 #演讲稿 #奋斗者正青春 #成长 #青春正当时 #心理健康 #朝气蓬勃的青春 #征文比赛,64,情感故事,青春随笔
20,“春日集”,#临江淮安 #鸢诉文学社 #临弦月 #我的生命是一万次的春和景 #小红书年度诗篇 #幻临楠月f2 #随笔 #春日随笔#逢陌却有归F6 #文案,578,情感故事,青春随笔
21,大多数人的真实写照——关于梦想,小时候对自己的未来有无限憧憬，现在连自己好学什么专业都不知道了。如果大家能看完的话请给我一些建议～谢谢！ 	 #高中 #写作 #文字 #随笔 #作文 #练笔 #梦想 #现实 #梦想和现实,2867,情感故事,青春随笔
22,高中随笔,好久没写了后来的随笔为应付老师都是随便抄的，这几天就是是一整个很有感触啊（字丑勿喷）#日常随笔 #原创随笔 #生活随笔 #随便写写啊 #原创文章 #就想瞎写东西,218,情感故事,青春随笔
23,我的青春,我的青春太过于安静， 以至于等到它结束我都没有反应过来， 自己已经是一个成年人了。 没有早恋、没有逃课，没有不良习惯。 没有优秀的成绩，没有精彩的故事。 没有出众的才艺，没有开朗的性格。 没有偷偷藏起的脸红心跳， 没有肆意而为的潇洒。 没有刻骨铭心的暗恋， 也没有细水长流的喜欢。 平平淡淡，中规中矩。 干净得像一张白纸， 过完了#整个青春。 我的青春平淡无奇，没有轰轰烈烈的早恋、逃课或不良习惯，也没有优秀成绩或出众才艺。我过得很中规中矩，没有刻骨铭心的暗恋或细水长流的喜欢，生活如白纸般平静，最终以成年人的身份悄然结束。#致青春 #致青春致我们 #青春是一本仓促的书,14,情感故事,青春随笔
24,💯优秀满分作文《怦然心动的感觉》,青春，是一本翻不完的书，每一页都藏着不同的故事与情感。在我的青春记忆里，有那么一个瞬间，如同春风拂过湖面，激起了层层涟漪，让我深刻体会到了怦然心动的感觉。 #作文  #作文素材  #满分作文  #初中作文  #高中作文  #优秀作文,444,情感故事,青春随笔
25,随笔｜初春易碎青山长悬,冬日之后一直在等雨 等一场淅沥的雨 奏着生命的黎明 生活的琐碎一直纠缠着你 直到忘却了所爱的一切 直到逐渐迷失 等这场雨让自己更清醒 #交换春天 #原创随笔 #春不许再回头 #把诗写进春光里 #诗歌里的春天 #你要写春天就不能只写春天 #写一首小诗与春光邂逅 #枯木难逢春 #且敬我生命之山亘古长青 #一键播放春天 #随笔 #文案,1941,情感故事,青春随笔
1,文字的具象，是青春盛大的明朗。,8.4-8.10 我见证自己的文字成为具象。 	 #文字 #随笔  #文案 #青春 #少年 #王楚钦 #孙颖莎,8800,情感故事,青春随笔
2,合集｜还要再写一万个夏天,可能人就是喜欢反季节的东西 在冬天想夏天… 	 #人生流淌在诗歌里 #诗歌漫游计划 #随笔 #原创诗歌随笔 #原创诗集 #夏季 #无尽夏 #青春 #诗歌复兴计划 #现代诗,13451,情感故事,青春随笔
3,少女時代並肩前行的我們。,我的少女时代是无数次为学习而崩溃的夜晚还有你们。 	 青涩的逝去年华一直被困在闷热的夏日炎炎中，而我们爽朗的笑声好像也与聒噪的蝉鸣一并被风吹散了。窗外是沙沙作响摇晃不止的梧桐树叶，而窗内就是老师的教课声还有埋头苦学的我们。被风带起的不只是向阳生长自由无比的树叶，还有白纸黑字的书页。 	 日光滚烫，暑气漫天，挥散不去。而我们，牵着手在教室中享受着空调带来的凉爽惬意与朋友间的温馨亲切。还记得，那个大方机灵活泼以致于总会逗的人哄堂大笑的我们，还记得，那个不知天高地厚以致于胆大包天在校园中横行霸道的我们。我们，这个词语好像就是我对某些人，敞开了心门。 	 在这个似乎涵盖了整个社会的学校，我们从来没有形影孤单过，从来没有分分合合过。就像上了锁的同心扣，永不分离，永不远去，永不背叛。我们有过开团秒跟的时刻，我们有过同甘共苦的经历，却从没分道扬镳背信弃义过。我们是北斗七星，连在一起，生死相依。 	 都说近朱者赤，近墨者黑。而我们就好比一坛打翻了的墨水，不管以后在对方的回忆中怎样被替代，怎样被淡去，却总能在对方心中留下不深不浅却无法抹去的痕迹。 	 苦难的青春年华是卷子满天飞。所幸漫漫苦学之路，始终与你们同行相伴。 	 北斗星，是我们。 _清靜 #栖涧文学社 #小谊 #原创文章#散文随笔  #那时的我们 #青春 #少女时代@薯队长,247,情感故事,青春随笔
4,我与你 停留在这个盛夏,但我记得那个夏天。那个夏天的光，那个夏天的风，那个夏天的你。你坐在台阶上，低头看手机，睫毛的影子落在颧骨上。我在旁边看着，没有告诉你。有些话不需要说。 #原创 #随笔 #文章 #文字 #文案 #我多想回到那个夏天 #那年的夏天 #夏天从未结束 #文字的力量 #生活感悟,450,情感故事,青春随笔
5,你永不停飞,你总是说，你渴念成为一只鸟。 	 我不曾辨明你是从邈远的未来飞回守望我，亦是正从我的过去飞往更遥远的以后。你的身影在我眸中渐次淡去，我伸出手时，你早已于天际线那更远的一方，连你眼尾细密的涟漪都不及折进我掌心几丝暖意，连一阵转瞬即逝的风都是你滞留在人间的轻悄喘息，万物替你喧嚣，蓝天将你裹挟。 	 你飞过我的春天。 	 如春蚕啃食桑叶般窸窣，如彼此尚未倾颓的妄想乌托邦。你在我的瞳孔永驻，你在云絮边缘泛起熔金的溃烂之下，在远山轮廓自混沌中悄然显露之下。你却被它们当作叛逃，遁入更深的地腹，奔赴永不日出的纬度。你分明在我瞳孔绽出慈悲的春天，旋即转身，飞向那个不曾有我的白昼。 	 隆冬你飞得过分遥远，至悲恸处。 	 四季流转，万物复苏。只是你再没有出现在我的瞳孔里。你向没有尽头的远方飞去，直至来年丰盛成为对你最为刻薄的嘲讽，直至大地不再施舍你第二次出现于此的所有可能性。 	 你总是说，你渴念永不停歇地飞翔。飞掠过我青春的尾骨，飞掠过我所有哑默的等待，飞掠过你自己的未来。 	 你永不驻足。一种宿命般的自杀。从未栖枝，从未归巢。 	 至此，我只是念想。在这个宇宙，亦或另一个宇宙；在这个未来，亦或下一个未来，你会遇到一只鸟儿，以你的名字作为终点，永不停飞。 	 而我仅是你蓦然回首时，那一声渺远的回声。 	 “鸟儿不会停飞。” 	 #谏余 #enfp #随笔 #la #虐恋 #自由,320,情感故事,青春随笔
6,青春是场盛大的逃亡,均为原文直引。 我的青春是一场晦暗的风暴， 星星点点， 漏下明晃晃的阳光。 ——波德莱尔《仇敌》 永远热烈， 永远尽享欢愉。 永远心跳， 永远年少青春。 ——济慈《希腊古瓮颂》 所有的青春都像一盏灯， 在雨中被冲倒， 湿漉漉却在燃烧。 ——聂鲁达 青年人当生气旺盛的时候， 有如春日的草木萌芽， 需要伸展与生长， 而伸展与生长需要 自由的园地与丰富的滋养。 ——朱光潜《问渠哪得清如许》 遂翻开那发黄的扉页， 命运将它装订得极为拙劣。 含着泪， 我一读再读， 却不得不承认， 青春是一本太仓促的书。 ——席慕蓉《青春》 时间赐我青春与死亡， 尽管我戴着镣铐， 依然像大海一样歌唱。 ——狄兰・托马斯 青春是一阵偶尔划过的风， 不经意间， 已吹得我泪流满面。 ——萧伯纳 青年如初春， 如朝日， 如百卉之萌动， 如利刃之新发于硎， 人生最可宝贵之时期也。 ——陈独秀 青春不是年华， 而是心境； 青春不是桃面、丹唇、柔膝， 而是深沉的意志， 恢宏的想象， 炙热的情感； 青春是生命的深泉在涌流。 —— 塞缪尔·厄尔曼 #文摘 #infp #金句 #文学 #文学的浪漫 #文字 #读后感 #青春 #春天  #作家,2012,情感故事,青春随笔
7,,我不及红的炽烈 也不似橙的温暖 宛如稳重的深蓝 即使您忽地开口 呼之欲出的话  都使我颤动 #师生粉 #随笔 #毕业季时光邮局 #回忆#校园往事,3,情感故事,青春随笔
8,""" 走不出的雨季，都会成为滋养生命的河流 """,✧ 生命时常有雨，在成长的过程中我反复被打湿，反复感受到痛苦，但雨季一定会有结束的那天。阳光会以想象不到的速度，穿透我的瞳孔。那些以为走不出的雨季，都会成为滋养生命的河流。 	 #文字 #分享 #手写字体 #情感 #背景图 #情感 #文案 #摘抄 #手写摘抄 #手写,16680,情感故事,青春随笔
9,长文｜青春该有的模样,一材多用，同一素材的正确套用展示 	 这么久不更plog主要是因为这个星期真的好忙，作业翻倍的多 救命啊，数学究竟怎么学被难鼠了 政治语文明天都要默写 不行，煮波要去背书了，不然明天完蛋了 （初三生日常碎碎念） ———————————————————————— #汐颜的日常 #汐颜的专属话题 #青春是一本仓促的书 #青春是一场盛夏 #什么是青春该有的样子 #琪♪碎碎念 #我永远会被文字治愈 #初三,7200,情感故事,青春随笔
10,想看中学生的随笔,作者先来。或许会有一些比较个人化的交流点评，如果你想的话。#文手 #随笔#中学时代 #日常随笔 #中学生 #原创随笔,72,情感故事,青春随笔
11,人不能同时拥有青春和对青春的感受,人不能同时拥有青春和对青春的感受 这道无解的命题 无法预知的价值 当时只道是寻常 直到我开始回忆它 但那些片段都开始朦胧 我只能感慨时间太快 年轻真好 枝头的鸣蝉 作响的风扇 夏日的小憩 傍晚的夕阳 老师的苦口 同学的嬉闹 泛黄的信件 磨损的书页 趴在栏杆不经意看过的身影 写在草稿纸上意义非凡的名字 这本仓促的书 一读再读 青春过去了就没有了 打开门又是别人的故事 脱离学生的身份 我还是会想 会羡慕 那段被沸腾滚烫 天真烂漫堆砌出来的花样年华怎么这么精彩#青春 #高中 #毕业,4896,情感故事,青春随笔
12,09｜高一 用一千次落笔等一次回音,用一千次落笔等一次回音 不知不觉已经两周过去了 渐渐适应了高中生活 学校给了我们很多自由的时间 会在出操回来时看到金粉洒满树梢 也会因羊驼的小憩而驻足围观 虽然每天下课感觉都身心疲惫 但总有那么几个瞬间 治愈我们碌碌的生活 	 #高中随笔 #我的日常,829,情感故事,青春随笔
13,随笔 | 你是我的初夏绮梦,梦入初夏，念里有你 在时光的回廊，初夏似一幅晕染的画。 榴花燃梦，如炽热诗行， 蜻蜓点水，搅乱一湖宁静。 蝉鸣奏响序章，蔷薇甜香藏在暖风里。 你的眸光，是琥珀色的星。 于我荒芜心田，藤蔓般缠绕生长。 骤雨洗净尘嚣，滋润干涸灵魂。 新枝似灵动音符，绿意撑起繁茂天地。 湖畔，云销雨霁，波光似细碎金芒。 与你漫步繁花小径，目光交汇刹那， 时光凝固。心跳如鼓，爱意翻涌。 你是我心湖倾泄的初夏，在繁茂树下回望， 于你眼眸与绚烂初夏对望，梦绕魂牵 ， 待喜欢浓烈再浓烈。 	 #随笔 #情书,4373,情感故事,青春随笔
14,“暗恋只不过是一件难过的小事罢了”,“喜欢 是眸光碰撞的第零点零一秒” 摘自@蓝莓气象 #手写 #我被文字打动 #摘抄 #暗恋是一个人的兵荒马乱 #暗恋就是失恋 #暗恋是成功的哑剧 #青春里的遗憾 #青春的暗恋 #暗恋 #愿我们都能站在幸福里,404,情感故事,青春随笔
15,2024合集｜落笔的最后一行,#随笔 #原创 #文案 #背景图 #诗歌 #情书 #BlueBones 挑选了几篇今年个人比较喜欢的作品！年初和年末的文风有些变化感觉好神奇… 祝大家新的一年越来越好越来越幸福越来越开心！,24230,情感故事,青春随笔
16,从此，夏天多了一个代名词，名为暗恋。,【随笔】 这一笔笔写下的，是少女心事，亦是欢喜。 这场声势并不浩大的暗恋， 匆忙地结束了。 从此， 夏天多了一个代名词， 名为暗恋。 #随笔 #暗恋 #思念 #毕业 #夏天 主页内发布的所有文章 转载引用需标明出处!,795,情感故事,青春随笔
17,六年级写成这样算有天赋吗,不是btd 真心想问想求教 放了最近写的几张 一直很喜欢写东西 #日常随笔 #随便写写别管 #原创随笔#我的天赋进化史,2405,情感故事,青春随笔
18,一个人旅行的问题,一个人旅行 前提是有强大的心理素质 独自穿梭在陌生的城市 要有极强的解决问题和策划能力 否则很容易陷入自我怀疑 当然 如果你强大到能克服这些 那恭喜你 唯一剩下的缺点就是 自己一个人吃不下太多东西#一个人旅行,1009,旅行游记,一个人旅行
19,一个人的旅行就是在和地球约会,过完19岁的第一个月。我独自来到四川 虽然广东到四川不远 可这是我第一次 一个人 来这么远的地方。我带着完全新鲜的、属于自己的眼睛去看了这一切。这其中 是以我独自出行的勇气、能力、规划与心态去创造的。来之前 我时常会焦虑 怕途中遇上各种困难 可现在这段经历已经成为我人生中重要的一块拼图；这份震撼，会永远变成我心里的一束光。在最好的年纪撞见独一份的山水绝色 这份回忆会让我珍藏一辈子 也超有成就感！ #旅行能治愈一切 #旅行是我的解药 #旅行是寻找自己 #在旅行中找自己 #看世界也找自己 #一个人出发是对自由的热爱 #这世界的一切都在吸引我 #旅行就是自由 #多出去看看世界,30,旅行游记,一个人旅行
20,23岁已经一个人去了12个城市旅游,第一次一个人出行，是拿着实习工资去的。旅游也是受网络和能够自由支配💰的影响萌出的念头。本身自己朋友不多，在学校时还能玩到一起，可一毕业，一工作，大家就各有各的生活。慢慢就会发现，我们的观念从来都不是一样的，能在聚在一起，不过是因为学习把我们凑到了一块。所以与其一直等志同道合的人，不如自己先行。跨出了第一步，后面就愈发喜欢一个人去旅游。很享受想去哪去哪，想吃什么就吃什么，完全不用委屈自己去顾及别的快乐。#一个人去陌生城市 #一个人旅游 #攻略,673,旅行游记,一个人旅行
21,独自旅行三次，给自己定下的安全守则。,女生独自一人奔赴山海，安全永远是第一位的。我经过了三次独自旅行，给自己立下了以下安全守则，和各位小伙伴分享一下： ✅目的地筛选：只选交通便利、人流量大的地区。再美的“小众秘境”，我也绝不在一个人时去冒险。 ✅住宿标准：选择口碑好的大型连锁酒店，或者评价多、评分高的热门大酒店。住得安心比什么都值。 ✅应急好物：行李箱里要备着退烧药、肠胃药等药物。用不上最好，但绝不能没有。 ✅穿搭思路：走“方便+舒适+低调”路线。裤装一穿，行动自如，不招眼。 ✅证件防护：贴身带着薄薄的防盗斜挎包，收纳证件、现金。外套一穿，外面看不出来，不易被盯上。 ✅出行交通：优选公交、地铁等公共交通。打车只走正规平台，行程实时分享给家人。高铁站、客运站、景点门口，那些搭讪拉客的司机，我一律不回应。 ✅时间红线： 晚上21:30前必须回到酒店（实际上我都是21:00前就回到酒店了）。绝不深夜在外游荡。 ✅社交边界：绝不跟任何人透露“我独自一人”，个人信息一句不多聊。 ✅核心底线：随时和家人保持联系，时刻留意手机电量，杜绝失联。 一个人看世界很酷，但安全永远置顶🔒。大家还有什么补充的吗？#howto一个人旅行 #女性独自旅行 #一个人旅行 #一个人旅行有多酷 #独自旅行 #安全第一位 #旅行安全 #出门旅行注意安全 #一个人的旅行 #谁说旅游不能一个人,679,旅行游记,一个人旅行
22,我独自旅行｜绍兴6h,今年solo trip第一站-绍兴，完成上学的江南心愿。绍兴第一天，见到了真正的烟雨江南。 路线：鲁迅故居➡️青藤书屋➡️仓桥直街➡️西小路 	 ▪️鲁迅故居：出发前参考了网友的路线梳理，十分顺畅：鲁迅祖居、三味书屋、鲁迅故居（包括百草园），游逛下来足足3个小时！迅哥家是真的大，怪不得会迟到呢！在这里我好像熟悉每个地方，甚至在三味书屋掉了眼泪，我在为谁流泪呢？ ▪️青藤书屋：明代大才子徐渭故居，一方小园藏满诗意，青藤缠绕古木参天，不大的书屋却处处是文人风骨，安安静静逛超有感觉。 ▪️仓桥直街：河道、民居、街坊……白墙黛瓦，错落有致。听着雨声 踩着石板路，两旁是各种特色小店，偶尔两句叫卖声，江南的烟火气。 ▪️西小路：更小众更静谧，斑驳砖墙挨着河埠头，青石板路延伸进老巷深处，古朴又安逸， 	 整整在外逛了六个小时，其实雨天并没有很冷，奈何鞋袜全湿，不得不返回旅社，将书圣故里和八字桥放在第二天的行程。 但不遗憾，因为这就是烟雨江南啊。 	 #绍兴 #独自旅行 #鲁迅故里 #仓桥直街  #独自旅行 #一个人的走走停停 #从百草园到三味书屋 #江南 #烟雨江南,1439,旅行游记,一个人旅行
23,一个人旅游真的好爽,想去哪就去哪 累了就在酒店休息 休息好了就出去逛 P人就天天在快到目的地了再在小红书看点攻略 不用担心搭子消费观和自己不同 该省省 该花花 钱花在自己身上特别爽 #独自旅行 #一个人的出行 #一个人去旅游 #谁说旅游不能一个人,2314,旅行游记,一个人旅行
24,那个一个人旅行的女孩后来怎么样了,她收获了自由和勇气！ 	 一个人旅行了两个半月 去了6个国家18个城市 西班牙 葡萄牙 捷克 匈牙利 奥地利 埃及 18张图是我的胶片总结日记 	 从签证到交通到住宿全部自己一个人搞定 顺便拿下了OW+AOW 成为了持证潜水员 	 我永远相信我自己！ #女性独自旅行 #旅行才是生命的意义 #旅行的意义 #solotrip #一个人旅行 #欧洲自由行 #埃及旅行 #独自旅行 #在记忆中闪光的旅行时刻 #走出我的旅行故事,14668,旅行游记,一个人旅行
25,有没有全是一个人出行的旅行团，不想一个人,你有没有深陷出行两难内耗？ 独自做攻略自由行，美景无人分享满是孤单；报常规旅行团满眼情侣亲子，全程格格不入浑身拘谨，临时找旅行搭子担心分寸边界，一个人出行有时怕不安全，又有点孤单，最后索性宅家刷旅行博主，白白消耗假期。 终于挖到Jun专属单人旅行小团 妥妥旅行邪修出逃宝地，自带真实活人感松弛氛围，牢牢掌控自己旅途的主体性，彻底摆脱无效社交捆绑。 团里所有人都是单独报名出发，同频独行旅友结伴，边界感直接拉满。 拒绝流水线赶景点的反精致内卷行程，慢悠悠山野漫游，平价出行也有显贵氛围感，社交完全自由：想放空看山看云就安静独处留白，想谈心可与旅友畅聊，边界感强，自由随性加安全不孤单。 专业领队全程随行、配套规范行程与足额保险，24小时兜底安全，比单人出行省心太多。 严守游客隐私底线，绝不会私自拍摄、转发旅途照片引流，完完整整保留不被打扰的私人时光。 单人出发从来不等于孤单，一群懂得独处、尊重彼此的人并肩漫游，把一个人的远方，过成一群人的温柔浪漫✨ #单人出游#假期  #同频旅行搭子#边界感 #一个人旅行 #旅行 #自由 #跟着兴趣去旅行 #孤独,158,旅行游记,一个人旅行
26,喜欢一人旅行的在这里交流下,我现在50%出行计划都是一个人 剩下50%和子女、搭子们 一人旅行自在、随心、灵活 唯一的不足是子女总会挂念 	 还有喜欢一人旅行的朋友吗？欢迎交流下#跟着兴趣去旅行 #老派旅行 #人生有多少说走就走的旅行 #谁说旅游不能一个人 #自由行旅游 #想走就走的旅行 #中老年 #一个人旅行有多酷,102,旅行游记,一个人旅行
27,我tmd竟然又一个人出游了,你有没有发现 越是在没有熟人的地方 你越是能够自信和从容 这就是 人走的越远 才能离自己越近#谁说旅游不能一个人 赶回家的路上就已经在想下次去哪里了,2414,旅行游记,一个人旅行
28,一个人在大连📌的Citywalk,大连真是一座舒服的城市😌 	 #一个人出门就是跟地球约会 #一个人的自在 #一个人走走停停 #走走停停拍拍 #广角拍摄 ##我爱的城市自带BGM #大连,628,旅行游记,一个人旅行
29,一个人的旅行 有些孤独,第一次一个人去旅游，终于看见期待已久的海了，沙子原来这么软，以前最喜欢的白噪音就是海浪声，终于亲眼看到了，可惜没有找到好看的贝壳，不过遇到了两只乖乖小咪，好摸好摸，来到海边看着别人都是成双成对，一起打卡拍照，骑车回酒店的路上忽然感觉好孤独，没有人能一起讨论，说说笑笑，不过海景实在美丽，期待明天的玻璃海，和日落，这里的日落真的好美#旅行 #碎碎念 #一个人旅行 #汕尾 #海,496,旅行游记,一个人旅行
30,,旅行前一直看小红书上说一个人旅游很爽，结果……小小的主包，大大的孤独，重重的背包，丑丑的照片#一个人去旅游 #一个人游玩 #独自旅行 #一个人旅行,3325,旅行游记,一个人旅行
31,一个人旅行也不错,澳门很好玩就是有点废脚，去澳门的路上看了很多攻略但是都没用上，一脸懵逼去澳门，一脸懵逼离开澳门，就是如此！ #旅行是我的解药 #一个人的走走停停,5,旅行游记,一个人旅行
32,【经验帖】一个人粗去丸之安全tips,看到很多姐妹对独自出行的安全有些顾虑🙁 所以bot整理了四位旅行者的实用经验 	 bot也在此做一下总结 1️⃣戏精附体：假装不是一个人，用语音/视频制造有同伴的假象🎭 2️⃣工具防身：准备警报器，或用钢笔等日常物品替代防身工具🚨 3️⃣行程透明：把详细行程分享给亲友，并保持固定频率的联系📞 4️⃣信任直觉：感觉不对立刻撤离，安全永远比礼貌更重要🏃‍♀️ 	 关于安全这件事，bot觉得准备得再充分都不为过。 或许正是这些小小的谨慎，守护了我们说走就走的自由。 	 也欢迎大家在下方⬇️分享你的独家安全小妙招 #女性独行 #独自旅行 #旅行 #solotrip #一个人粗去丸,16388,旅行游记,一个人旅行
33,无所谓 我一个人也能出发！,其实有了一次的独旅经历后，就会疯狂爱上感觉，随时可以选择出发，不需等待他人决定，想出发就出发，享受独处的浪漫，我想 我是个彻头彻尾的疯子，但我永远爱这种感觉,382,旅行游记,一个人旅行
34,关于独自旅行想说的话,个人体验和小tips 希望能帮到有需要的人 	 🩵🫰🏻solo trip很自由 一个人反而更大胆、勇敢 可以毫无顾忌的和陌生人交谈、打招呼 我喜欢这样的自己 很开心认识到这样的自己 	 做自己喜欢的事情是自然而然的 不需要用力坚持做 所以朋友们 尽情去做自己喜欢的事情吧！ 	 #交换旅途故事 #独自旅行 #一个人旅行 #旅游编辑部,2866,旅行游记,一个人旅行
35,一个人旅行,一个人上海旅行 走走停停 吃吃喝喝逛逛四天 	 #一个人出游 #自己的旅行 #想走就走的旅行 #i人旅行 #infj #上海citywalk #一个人走走停停 #一个人去陌生城市 #一个人旅行有多酷,17,旅行游记,一个人旅行
36,🦥：Singapore plog🇸🇬,突如其来的sg solotrip玩得很尽兴 幸福的一月 一直在过夏天🫶🏻 	 P3 国家美术馆惊喜看上印象派特展 P6 飞速打卡樟宜机场瀑布 P7 uss解锁人生新体验 一个人坐🎢 P15-17 此次行程好味top3 	 #旅行日记#新加坡#环球影城#鱼狮尾公园#福康宁公园#滨海湾#新加坡攻略#新加坡美食#穿搭bot #ootdinspo,438,旅行游记,一个人旅行
37,【求助】求分享学生solotrip的tips,收到一条来自友友的投稿：学生出去玩有什么注意事项/小窍门吗？ 	 ☝️本bot先来分享一个：很多友友出门可能会想着与人为善，但是遇到一些比较难缠的比如在车站外不断纠缠的黑车司机，如果一开始拒绝对面没离开，依旧不断跟着你甚至伸手想帮你拿行李，这时候就一句话都别说一直往前走，再跟着你就要态度强硬的拒绝！ ❗️核心原则： 不搭话、不犹豫、不停步、走向正规渠道。 	 💌欢迎友友们在评论区分享自己solotrip的小tips！ #solotrip #旅行 #学生党旅游,736,旅行游记,一个人旅行
38,一个人去欧洲旅行是什么体验？✈️🤍,宝宝们，终于来分享我的第一次欧洲 Solo Trip 🤍✈️ 出发前其实也会担心，一个人旅行会不会很孤单、会不会害怕，但真正到了欧洲之后，我发现自己比想象中更享受这种自由。而且我也已经习惯solotrip了💀 没有人催你，没有固定的行程，想在咖啡店坐一下午、为了一个日落多停留一会儿，所有时间都属于自己。 很多宝宝问我申根签难不难，其实我觉得只要提前准备好材料（护照、行程单、酒店和机票预订单、保险、银行流水等），整个流程并没有想象中那么复杂，所以不用太焦虑～ 这趟旅行还有一件让我印象特别深的事情。我的转机经过阿布扎比，后来看到当地发生了爆炸事故，当时真的有一种后怕的感觉。旅行真的充满未知，很多事情都无法预料，但也庆幸自己平平安安完成了这趟旅程。 现在回头看，这些小插曲反而让这段经历更加特别。 如果说这趟旅行教会了我什么，那大概就是：不要总等一个人陪你去旅行。 很多时候，当你勇敢迈出第一步，你会发现，一个人也可以看世界，也可以收获很多意想不到的故事。 希望未来还能继续解锁更多国家，也希望每一个想去旅行的人，都能勇敢出发。🌍🤍#独自旅行 #solotrip #howto一个人旅行 #欧洲自由行,3,旅行游记,一个人旅行
39,VLOG·一个人在徽州旅行,哈喽大家，独自旅行系列vlog终于又更新了！ 虽然只是短短的呈坎一日游， 但每次“独自旅行”对于我来说都意义深刻。 它关乎“清醒”，关乎“自我”，关乎“思考”，关乎“创造”， 所以每隔一段时间开启一段“独自旅行”已经是我的生活必须了。 作为一人旅行的目的地，我还是很推荐呈坎的； 选一个舒适的民宿，在湖边散散步发发呆，品尝品尝美食，晚上凑热闹看看鱼灯表演和烟花，慢节奏地过上一两天～ #一个人出发是对自由的热爱 #在旅一种很新的游 #古镇慢生活 #游呈坎一生无坎 #一个人出游 #旅游vlog #治愈系Vlog #一个人旅行有多酷 #沉浸式旅游 #vlog,120,旅行游记,一个人旅行
40,迄今为止，我最爱的小众城市出现了！（附攻略,我很少用“震撼”来形容一个地方😭 一半沙漠🐫，一半大海🌊 五一真的不想去热门景点看人头🙅‍♀️给大家分享一个人少景美的小众宝藏小城 📍内蒙古乌海市 节奏慢、风景绝、两天一夜刚刚好 🌞Day1 乌海湖 第一次见到一半沙漠一半湖水的样子 远处城市像海市蜃楼一样，拍照巨好看📸还能看到成吉思汗雕像 我们是包车进的景区！司机会拉你们到各个打卡点拍照！氛围感直接拉满，巨美巨出片！日落时分去也很美 下午时间充裕的话还可以去包车满巴拉僧庙！ 路程不远距离乌海市内半小时车程 红墙金顶的建筑真的很好看！拍照很出片被称作小“布达拉宫” 🌄Day2 西部梦幻峡谷 丹霞+雅丹地貌，景色很震撼！缺点离市区稍微有点远，但是真的随手一拍都是大片，人特别少，不用排队不用挤自驾过去沿路全是沙漠戈壁风光 三条线路随便走，徒步、拍照、看奇石都合适 ‼️‼️‼️乌海本地好吃的 渔悦老乌海乌海菜、四季福西北菜、绝味麻辣拌（乌达）、麻辣晶晶都可以尝尝，地道内蒙味道，性价比很高还可以去奶站买一些店奶制品带回家 ‼️‼️‼️（游玩tips）沙漠很大！太阳很毒紫外线强，注意防晒！备墨镜和防风衣，乌海湖边日落绝美一定要看！ 五一想错峰出游，直接冲乌海就对了！人少凉快风景美，小众不踩雷✅ #乌海旅游 #乌海美食#乌海市旅游 #内蒙小众旅行 #西部梦幻峡谷  #大西北旅行 #冷门旅游目的地#小众旅行目的地 #五一旅游 #令人难忘的的景点,11235,旅行游记,一个人旅行
41,,1. 一个人出去尴尬怎么办😱没有人说话 我会不自在 2.到了地方，不知道怎么坐/到地铁（无敌路痴，大概是大学两年了，上次回家下车跟着导航去找火车站，走硬是走错了） 3.到了酒店 一个人出门的勇气好像会变弱，而且会变懒，感觉就是可能出去会少，然后回去会遗憾 4.一个人感觉化妆概率会减小，或者怎么解决画不好的崩溃 5.我出去绝对要拍照记录，想拍照怎么办？自拍杆 尴尬？怕别人都看着我拍，如果这个地方火我也喜欢 我可能也会拍，但好多人等着我拍会有压力 6.一个人出去吃饭，吃不了那么多，但人胃口小又想尝试吃多样怎么办 7.女孩子一个人玩很晚，一个人回去的孤独感怎么解决 8.除了化妆品 衣服 卫生纸 姨妈巾 充电器 充电宝 自拍杆 身份证还要什么必带的 9.安全保护问题有什么实际的可以解决 方便携带 小 能过安检？ 10不确定 酒店还是青旅，酒店没什么问题，青旅出去物品怎么放，洗澡 暂时担心的一些问题，有时会很想自己去旅行，大概今年会，希望自己一个人出去的小宝能帮我解答一下，真的感谢 感觉会有点压力 焦虑不安 #对我友好的旅行 #想出去旅游 #一个人去旅游 #旅行 #一个人游玩 #一个人旅行 #自由行旅游 #谁说旅游不能一个人 #我要去旅游 #一个人去哪,3169,旅行游记,一个人旅行
42,慢慢越来越喜欢一个人去干很多事,不知从何时起， 我开始享受把“我们”换成“我”。 	 从前觉得： 吃饭要人陪，电影要人聊，旅行要人照应。 如今才懂： 一个人，也能活成一支队伍。 	 我喜欢—— 在咖啡馆嘈杂中构建自己的秩序； 推着购物车，只选自己爱吃的零食； 坐在影院角落，哭笑都不必掩饰； 独自旅行，迷路是探险，停歇是自由。 	 这种自由，是两人难以共享的奢侈： 不用等待，无需解释， 所有节奏、决定、情绪，由我全权负责。 独处不是落单，而是主动的选择。 它让我看清世界，听见内心， 也终于敢去做那些“没人陪”就搁置的事。 	 我不再怕独自面对陌生， 反而在这些时刻， 长出了更硬的铠甲，和更软的心。 	 原来，把日子过好的能力， 从不取决于身边有多少人， 而在于你是否敢一个人， 把生活填得热气腾腾。 能独自搞定一切的我， 比想象中更强大，也更自由。 - #野生vlogger成长计划 #带上兴趣出门 #交换春天 #只想一个人静静的待会儿 #独处 #flowfit #我的独处充电 #一个人也能自在快乐做的事 #享受独处的时光 #喜欢独处的时光,556,旅行游记,一个人旅行
43,我独自旅行 |喜欢大连的一些瞬间,即使是一个人来大连 好像也并不会觉得孤单 独自走在海边 吹着海风 发着呆 任凭时间流逝 这一刻 对大连的爱达到了顶峰 	 海边的风还是有些凉意的 幸好背包里塞了那条新年毛毯 月初从新西兰坐南航飞机回来 飞机上每个座位上都配上一个红色毛毯太讨喜了✨ 没想到它成了这趟旅程的出片神器 既可以披肩保暖 也可以当做围巾装饰 把这“红火”的氛围感披在肩头 轻便又柔软 一个人旅行的幸福感瞬间拉满 	 旅行的意义大概就在于此吧 那些在万米高空遇到的温暖 延续到了脚下的路 	 #旅游 #旅行攻略 #浪漫生活的记录者 #一个人旅行 #环游中国#独立女性  #快乐瞬间  #南方航空 #南航一次性毛毯 #国际航班好物 #大连拍照 #大连攻略 #交换你的年度诗篇,1226,旅行游记,一个人旅行
44,一个人去了趟南浔古镇，找到了小说里的场景,都说烟花三月下江南 但“不到南浔，怎知江南” 一个人去了趟南浔古镇 发现这里每一幕都好像小说里的场景 	 午饭去了家古色古香的钱雨曼.南浔家宴 状元酱方是柴火慢炖的五花肉 拌饭很香 古法酱鸭是地道的南浔风味 虾仁豆腐也很好吃！不愧是本地人都推荐的的店 	 ✨ 这里没有摩肩接踵的游客 没有过度商业化的喧嚣，依然能感受到江南生活 	 🎒一日游攻略分享 ✨交通： 我是从杭州出发 杭州西站-湖州南浔站 高铁半小时到达 出站后打车15分钟🚗到达古镇 出发选的是早上9:45分 晚上回程是晚上20:45分 	 ✨路线： 南门入： 小莲庄-嘉业藏书楼-张石铭旧宅-刘氏梯号-十字港码头⛵️坐水上巴士-丝绸码头-百间楼 水上巴士⛴️：9:00-16:00 🎫3r/人 	 ✨美食推荐： 龙凤面馆的双交面 25r一碗 店里面生意特别好 经常要排队 	 ✨关于写真 古镇穿汉服 战国袍 旗袍之类的都特别适合 我是路上随便找的一家 妆造+拍摄198 	 ✨拍摄建议： 5点左右日落 可以到桥下拍摄 光线很柔和 6点左右是蓝调时刻 一定要到百间楼看夜景 #小桥流水人家的风韵 #一个人的旅行 #南浔古镇 #南浔 #江浙沪旅游 #江浙沪周边游 #杭州周边游 #南浔美食 #南浔古镇旅游攻略 #南浔古镇十大必吃馆子,2592,旅行游记,一个人旅行
45,女孩子千万不要自己旅行！,住院的前一夜独自在酒店扛… 	 截至目前已经独旅去过青岛，太原，乌鲁木齐，忻州，五台山… 此时此刻我在大理第二医院，也是独自旅行。 坦白说，独旅那种自由，面对未知兴奋的感觉让我很上瘾，也让我忽视了很多风险。就像这次 内蒙人来到南方，可能是水土不服，第一夜突然急性肠胃炎，自己一个人在床上翻滚，无法入眠，上吐下泻，感觉要把全身都掏空才能安稳。外卖买了💊，吃了还是没有用，想找一点热水来喝💊，但是自己疼的根本起不来，当时想去医院，想到了打🚑，但最后没有去，因为自己的衣服tuo了没有力气穿，不能就这样叫🧑‍⚕️来 当一个人在外生病，连一个扶自己从床上起来的人都没有的时候，那种感觉太苦b了 	 所以打算独旅的朋友一定要慎重出发，照顾好自己，希望大家都不会和我感同身受#身体缺席的旅行#独旅#女生必看,1008,旅行游记,一个人旅行
46,女生一个人旅行途中💌我永远不会做的几件事,如果有人问我，一个人旅行这么多年，会不会害怕？ 作为一个相对谨慎的女生，我的答案一直都是：会。 女生独自旅行，确实比很多男性要面对更多不可预测、也不太舒服的情况。 但这并不代表我们就不能去看世界。 这些年，我慢慢养成了一些小习惯： 💌少量现金不会放在同一个地方，会分开放。 ✨不会告诉陌生人我是一个人旅行，也会戴着戒指，别人问起就说先生在附近😂。 🌷出门前会提前看好路线，下载离线地图、准备 eSIM，不会站在路边一直看导航。 📍订住宿不会只看价格，还会看区域、安全性和评价。 🌞会提前保存当地报警、急救电话，也会时不时跟家人朋友报个平安。 🌿饮料离开过视线，我就重新买一杯。 我一直觉得，旅途中我碰到过的大多数人其实都很善良，我也因为一个人旅行认识了很多很好的人。 只是作为女生，我们多做一点准备，就能更安心地去探索这个世界。 希望每个女生都可以大胆去看世界，玩得开心，也一定要平平安安。❤️ 这是女生独自旅行系列 Part 2，Part 1 可以去主页看～ @生活薯 #人生壮游之solotrip #我很会solotrip #howto一个人旅行 #人生就是一场体验 #女性成长 #一个人旅行 #solotrip,3,旅行游记,一个人旅行
